Channel,61,57,53,48,44,39,22,4,0
0,0,0,0,0,0,0,0,0,0
1,0,0,0,0,0,0,0,0,0
2,0,0,0,0,0,0,0,0,0
3,0,0,0,0,0,0,0,0,0
4,0,0,0,0,0,0,0,0,0
5,0,0,0,0,0,0,0,0,0
6,0,0,0,0,0,0,0,0,0
7,0,0,0,0,0,0,0,0,0
8,0,0,0,0,0,0,0,0,0
9,0,0,0,0,0,0,0,0,0
10,0,0,0,0,0,0,0,0,0
11,0,0,0,0,0,0,0,0,0
12,0,0,0,0,0,0,0,0,0
13,0,0,0,0,0,0,0,0,0
14,0,0,0,0,0,0,0,0,0
15,0,0,0,0,0,0,0,0,0
16,0,0,0,0,0,0,0,0,0
17,0,0,0,0,0,0,0,0,0
18,0,0,0,0,0,0,0,0,0
19,0,0,0,0,0,0,0,0,0
20,0,0,0,0,0,0,0,0,0
21,0,0,0,0,0,0,0,0,0
22,0,0,0,0,0,0,0,0,0
23,0,0,0,0,0,0,0,0,0
24,0,0,0,0,0,0,0,0,0
25,0,0,0,0,0,0,0,0,0
26,0,0,0,0,0,0,0,0,0
27,0,0,0,0,0,0,0,0,0
28,0,0,0,0,0,0,0,0,0
29,0,0,0,0,0,0,0,0,0
30,0,0,0,0,0,0,0,0,0
31,0,0,0,0,0,0,0,0,0
32,0,0,0,0,0,0,0,0,0
33,0,0,0,0,0,0,0,0,0
34,0,0,0,0,0,0,0,0,0
35,0,0,0,0,0,0,0,0,0
36,0,0,0,0,0,0,0,0,0
37,0,0,0,0,0,0,0,0,0
38,0,0,0,0,0,0,0,0,0
39,0,0,0,0,0,0,0,0,0
40,0,0,0,0,0,0,0,0,0
41,0,0,0,0,0,0,0,0,0
42,0,0,0,0,0,0,0,0,0
43,0,0,0,0,0,0,0,0,0
44,0,0,0,0,0,0,0,0,0
45,0,0,0,0,0,0,0,0,0
46,0,0,0,0,0,0,0,0,0
47,0,0,0,0,0,0,0,0,0
48,0,0,0,0,0,0,0,0,0
49,0,0,0,0,0,0,0,0,0
50,0,0,0,0,0,0,0,0,0
51,0,0,0,0,0,0,0,0,0
52,0,0,0,0,0,0,0,0,0
53,0,0,0,0,0,0,0,0,0
54,0,0,0,0,0,0,0,0,0
55,0,0,0,0,0,0,0,0,0
56,0,0,0,0,0,0,0,0,0
57,0,0,0,0,0,0,0,0,0
58,0,0,0,0,0,0,0,0,0
59,0,0,0,0,0,0,0,0,0
60,0,0,0,0,0,0,0,0,0
61,0,0,0,0,0,0,0,0,0
62,0,0,0,0,0,0,0,0,0
63,0,0,0,0,0,0,0,0,0
64,0,0,0,0,0,0,0,0,0
65,0,0,0,0,0,0,0,0,0
66,0,0,0,0,0,0,0,0,0
67,0,0,0,0,0,0,0,0,0
68,0,0,0,0,0,0,0,0,0
69,0,0,0,0,0,0,0,0,0
70,0,0,0,0,0,0,0,0,0
71,0,0,0,0,0,0,0,0,0
72,0,0,0,0,0,0,0,0,0
73,0,0,0,0,0,0,0,0,0
74,0,0,0,0,0,0,0,0,0
75,0,0,0,0,0,0,0,0,0
76,0,0,0,0,0,0,0,0,0
77,0,0,0,0,0,0,0,0,0
78,0,0,0,0,0,0,0,0,0
79,0,0,0,0,0,0,0,0,0
80,0,0,0,0,0,0,0,0,0
81,0,0,0,0,0,0,0,0,0
82,0,0,0,0,0,0,0,0,0
83,0,0,0,0,0,0,0,0,0
84,0,0,0,0,0,0,0,0,0
85,0,0,0,0,1,0,0,0,0
86,0,0,0,0,0,0,0,0,0
87,0,0,0,0,0,0,0,0,0
88,1,0,0,0,0,0,0,0,0
89,0,0,0,0,0,0,0,0,0
90,0,0,0,0,0,0,0,0,0
91,3,0,0,0,0,0,0,0,0
92,9,1,0,0,0,0,0,0,1
93,7,2,0,0,0,0,0,0,0
94,13,0,0,1,0,0,0,0,1
95,6,0,0,0,1,0,0,0,1
96,10,0,0,1,0,1,0,0,0
97,7,0,0,0,0,0,0,0,1
98,9,1,0,0,0,0,0,0,0
99,4,2,0,0,1,0,0,1,0
100,9,1,0,1,0,0,1,0,0
101,8,2,0,0,0,0,0,0,0
102,12,2,0,1,0,0,0,0,1
103,8,1,1,0,0,0,0,0,0
104,7,1,0,0,0,0,0,0,0
105,14,0,1,1,0,0,1,0,0
106,6,1,0,1,1,0,0,0,0
107,9,3,0,0,0,0,0,0,0
108,5,0,0,0,0,0,0,0,0
109,11,1,0,1,0,0,0,0,0
110,14,1,1,0,0,0,1,0,0
111,12,2,1,0,0,0,0,0,1
112,6,2,0,0,0,0,0,0,0
113,8,0,0,0,0,0,0,0,0
114,8,4,0,0,0,1,0,0,0
115,8,0,1,0,1,0,0,0,0
116,6,3,0,0,0,0,0,0,0
117,9,0,0,0,0,0,0,0,0
118,7,0,0,0,0,1,0,0,0
119,12,2,0,0,0,1,0,0,0
120,15,4,2,0,0,0,0,0,0
121,6,2,0,0,0,0,0,0,0
122,9,0,1,0,0,0,0,0,0
123,8,1,0,0,0,0,0,0,0
124,7,3,0,0,1,0,0,0,0
125,10,2,2,0,1,0,0,0,0
126,9,0,0,0,0,0,0,0,0
127,9,0,0,0,0,0,0,0,0
128,12,3,1,0,1,0,0,0,0
129,13,0,0,0,0,1,0,0,0
130,9,2,0,0,0,0,0,0,0
131,5,5,0,0,0,0,0,0,0
132,9,1,2,0,0,0,0,1,0
133,12,1,0,0,0,0,0,0,0
134,9,0,1,0,0,0,0,0,0
135,13,4,0,0,0,0,0,0,0
136,14,1,0,0,0,0,0,0,0
137,19,4,0,0,0,0,1,0,0
138,19,2,1,0,0,0,0,0,0
139,12,2,0,0,1,0,0,0,0
140,12,2,0,1,0,0,0,0,0
141,16,4,2,0,1,0,0,0,0
142,9,2,0,0,0,0,0,0,0
143,10,4,0,0,0,0,1,0,0
144,20,2,1,0,0,0,0,0,0
145,11,3,0,1,0,0,0,0,0
146,16,2,0,0,0,0,0,0,0
147,17,2,0,0,0,0,0,0,0
148,10,0,0,2,0,0,0,0,0
149,12,1,0,0,0,0,0,0,0
150,17,3,0,1,0,0,0,0,0
151,16,1,0,0,0,0,0,0,1
152,3,2,2,0,0,0,0,0,1
153,10,4,0,1,1,0,0,0,0
154,19,3,1,0,0,0,0,0,0
155,13,1,0,0,0,0,0,0,0
156,12,3,0,0,0,1,0,0,0
157,11,3,0,1,0,0,0,1,0
158,17,3,3,1,0,0,0,0,1
159,11,7,0,1,1,2,0,0,1
160,14,2,1,1,0,1,0,0,0
161,16,2,0,0,0,0,0,0,0
162,13,0,0,1,0,0,0,0,0
163,12,0,1,0,0,1,0,0,0
164,25,2,1,0,0,0,1,0,0
165,18,3,0,0,0,0,0,1,0
166,15,2,0,1,0,0,1,0,0
167,12,4,0,2,0,0,0,0,0
168,18,4,0,0,0,0,0,0,0
169,11,1,0,0,0,0,0,0,0
170,11,3,0,0,0,0,0,0,0
171,17,0,1,0,0,0,0,0,1
172,18,3,1,1,0,0,0,0,0
173,15,3,0,0,0,0,0,0,0
174,9,4,0,0,1,0,0,0,0
175,15,2,0,1,0,0,0,0,0
176,14,6,1,0,0,0,0,0,0
177,24,4,0,0,0,0,0,0,0
178,10,1,1,0,0,0,0,0,0
179,15,3,0,0,0,1,0,0,0
180,19,3,0,0,0,0,0,0,0
181,17,2,0,0,0,0,0,0,1
182,14,3,0,0,0,0,0,0,0
183,15,2,1,0,0,0,0,0,1
184,19,2,0,0,0,0,0,0,0
185,19,2,1,1,0,0,0,0,1
186,14,2,0,0,0,1,0,0,0
187,19,5,0,0,0,0,0,0,0
188,16,9,0,0,0,1,1,0,0
189,20,2,2,0,0,0,0,1,0
190,22,2,0,1,0,0,0,0,0
191,15,1,0,0,1,0,0,0,1
192,18,4,1,1,0,0,0,0,0
193,14,5,0,0,0,0,0,0,0
194,15,2,0,0,0,0,0,0,0
195,18,5,0,0,0,0,0,0,0
196,18,5,0,0,0,1,0,0,0
197,15,2,0,0,0,1,0,0,1
198,20,5,0,0,0,0,0,0,0
199,23,3,0,0,0,0,1,0,0
200,24,3,3,1,0,0,0,0,0
201,26,3,0,0,0,0,1,0,0
202,16,3,0,0,0,0,0,0,0
203,17,4,1,0,0,0,0,0,0
204,23,2,0,1,0,0,0,0,0
205,10,5,1,1,0,0,0,0,0
206,26,3,1,0,0,0,0,0,0
207,22,2,1,1,0,0,0,0,0
208,25,5,0,0,0,0,0,0,0
209,24,5,1,0,0,0,0,0,0
210,24,11,0,0,0,0,0,0,1
211,25,6,0,0,0,0,1,0,0
212,13,4,0,0,0,0,0,0,1
213,23,6,0,0,1,0,0,0,0
214,13,5,0,0,0,1,0,0,0
215,18,5,0,0,0,0,0,0,0
216,12,5,0,1,0,1,0,1,0
217,17,1,0,0,0,2,1,0,0
218,22,3,3,1,0,0,0,0,0
219,16,3,0,1,0,0,0,0,0
220,15,5,3,1,0,0,0,0,0
221,22,3,2,0,0,0,0,1,0
222,14,9,0,0,0,0,1,0,0
223,23,6,1,0,0,0,0,0,0
224,24,4,0,0,0,0,0,0,0
225,22,5,0,1,0,0,0,0,0
226,27,6,0,0,1,1,0,0,0
227,19,5,0,1,0,0,0,1,0
228,16,3,1,0,0,0,1,0,0
229,25,5,0,0,0,0,0,0,0
230,37,2,2,0,0,0,0,0,0
231,26,5,0,0,0,0,0,0,0
232,25,4,1,0,0,0,1,0,0
233,25,4,0,0,0,1,1,1,0
234,26,6,0,0,0,0,0,0,0
235,22,3,0,0,0,0,0,1,0
236,23,12,1,0,0,0,0,0,0
237,24,11,0,1,0,0,0,0,0
238,19,5,1,0,0,0,1,0,0
239,28,2,0,0,1,0,1,0,0
240,29,5,0,0,0,0,0,1,0
241,29,8,1,0,1,0,0,0,0
242,22,5,0,0,1,2,0,0,0
243,22,6,0,1,0,1,0,1,0
244,30,3,0,0,1,0,0,0,0
245,13,9,1,0,0,0,0,0,1
246,26,5,0,0,0,0,0,0,0
247,19,3,0,1,0,0,0,0,0
248,27,4,1,1,0,0,0,1,0
249,21,6,0,0,1,0,1,0,1
250,17,7,0,1,0,0,0,0,0
251,20,9,2,0,0,0,0,0,0
252,23,9,1,0,0,0,0,0,0
253,17,8,1,1,0,0,0,0,0
254,29,4,0,0,0,1,0,0,0
255,17,5,1,0,0,0,0,0,0
256,19,7,0,0,0,0,0,0,0
257,19,11,0,0,0,0,0,0,0
258,21,5,0,0,0,0,0,1,0
259,21,5,0,0,0,0,0,0,0
260,27,11,0,0,0,0,0,1,0
261,22,7,0,0,0,0,0,0,0
262,31,6,0,0,1,1,0,0,0
263,31,9,1,0,0,0,0,0,0
264,22,6,0,0,0,0,0,0,0
265,22,6,1,0,0,0,0,0,0
266,17,8,0,0,0,0,0,1,0
267,23,9,0,0,1,1,0,0,0
268,12,10,0,1,0,0,0,0,0
269,21,13,0,0,0,0,0,0,0
270,19,15,1,1,0,0,0,0,0
271,17,15,1,0,0,0,0,0,0
272,27,12,0,0,0,0,0,0,0
273,26,6,1,1,1,0,0,0,0
274,40,6,1,0,1,0,0,0,0
275,20,8,3,0,1,0,0,1,0
276,20,11,1,0,0,0,0,0,0
277,23,11,0,0,0,0,0,0,0
278,24,9,1,0,0,0,0,0,0
279,28,9,0,0,0,1,0,0,0
280,26,11,1,0,1,0,0,1,1
281,28,9,1,0,0,0,0,0,1
282,23,15,2,0,0,0,0,0,0
283,27,10,2,0,0,0,0,0,0
284,24,11,2,0,0,0,0,0,0
285,20,10,1,0,0,0,0,0,1
286,29,11,2,0,0,1,0,1,0
287,22,7,0,0,0,0,0,0,0
288,22,10,1,0,0,0,0,0,0
289,32,6,0,0,0,0,0,0,0
290,23,9,0,1,1,0,0,0,0
291,31,11,1,0,0,0,0,0,0
292,24,13,2,1,0,0,0,0,0
293,33,20,3,0,0,1,0,0,0
294,20,16,2,0,0,3,0,0,1
295,29,16,4,0,0,0,0,0,0
296,27,5,1,0,0,0,0,1,0
297,30,11,1,0,0,0,0,1,0
298,33,8,3,0,0,1,0,0,0
299,27,13,2,0,0,1,0,0,0
300,33,11,1,0,0,1,0,0,1
301,24,9,2,1,0,1,0,0,0
302,31,9,1,0,0,0,0,1,0
303,17,12,1,1,1,0,0,0,0
304,34,15,1,1,0,0,0,0,0
305,33,14,1,1,0,0,0,0,0
306,22,11,0,0,0,0,0,0,0
307,22,21,1,0,0,0,0,0,0
308,26,11,0,0,1,1,0,0,0
309,27,14,2,0,0,0,0,1,0
310,22,12,1,0,1,0,1,0,0
311,24,11,1,0,0,0,0,0,1
312,35,19,2,3,0,0,0,0,0
313,25,12,4,0,0,0,0,0,0
314,25,11,2,0,0,0,0,0,0
315,28,23,1,0,0,0,0,0,0
316,25,16,1,0,0,0,0,0,0
317,23,15,0,0,0,0,1,0,0
318,26,7,2,0,0,0,0,0,0
319,28,9,3,0,0,1,0,0,1
320,31,14,3,0,1,0,0,0,0
321,27,15,3,0,1,0,0,0,0
322,29,15,0,0,0,0,0,0,0
323,15,20,0,0,0,0,0,0,0
324,19,15,1,0,0,0,0,0,0
325,19,9,1,0,1,0,0,0,0
326,23,12,2,1,0,0,0,0,0
327,22,20,1,1,0,0,0,0,0
328,33,16,1,0,0,0,0,1,0
329,22,16,1,0,0,0,0,0,0
330,26,16,3,0,0,0,0,0,0
331,17,17,1,0,1,0,1,0,0
332,22,16,4,3,0,1,0,1,0
333,23,23,2,0,0,0,0,0,0
334,26,11,1,0,0,0,0,0,0
335,22,21,4,1,0,0,0,0,0
336,32,17,2,0,0,0,0,0,0
337,25,17,2,0,0,0,0,0,1
338,26,17,0,0,0,0,0,0,0
339,16,19,1,0,1,0,0,0,1
340,37,14,3,0,0,1,0,0,0
341,23,26,5,0,1,0,0,0,0
342,32,19,1,0,1,0,0,0,0
343,29,15,1,1,0,1,0,0,0
344,23,18,4,0,0,0,0,0,0
345,25,21,4,1,0,0,0,0,0
346,23,18,0,2,0,0,0,0,0
347,17,17,5,0,0,0,0,0,0
348,21,18,2,0,0,0,1,0,0
349,16,16,4,0,0,0,0,1,0
350,22,13,2,1,0,0,0,0,0
351,28,17,1,0,0,0,0,0,0
352,30,17,3,0,1,0,0,0,0
353,21,12,0,0,1,1,0,0,0
354,31,16,3,1,0,0,0,1,0
355,35,22,3,0,0,0,1,0,0
356,21,20,1,0,0,1,0,0,0
357,36,23,5,0,0,0,0,0,2
358,26,23,4,1,0,0,0,0,0
359,29,24,0,3,0,0,0,0,0
360,15,16,2,0,0,1,0,0,0
361,30,20,1,1,0,0,0,0,0
362,24,21,2,0,0,0,0,0,0
363,22,27,4,0,0,0,0,1,0
364,16,23,2,0,0,0,0,0,0
365,35,17,4,0,0,0,0,0,0
366,20,19,1,0,1,0,0,0,0
367,20,19,5,0,0,0,0,0,0
368,19,19,1,1,0,0,0,0,0
369,18,18,7,0,1,0,0,0,0
370,26,17,3,1,1,0,0,0,0
371,21,21,6,0,0,0,1,0,0
372,17,24,4,0,0,0,0,0,0
373,19,35,1,0,0,0,0,0,0
374,22,27,3,1,0,0,0,0,1
375,23,22,1,0,0,0,1,0,0
376,22,25,2,1,0,0,0,0,1
377,18,18,7,0,1,0,1,0,0
378,28,22,5,1,0,0,0,0,0
379,29,23,1,0,0,0,0,0,0
380,28,16,3,0,0,0,0,0,0
381,35,20,6,0,0,0,0,0,0
382,29,18,2,1,1,0,0,0,1
383,25,16,6,0,0,1,0,0,0
384,21,25,1,1,0,0,0,0,0
385,28,26,3,1,1,2,0,0,0
386,23,26,1,2,0,0,0,0,0
387,20,22,3,1,0,2,0,0,0
388,20,20,6,0,1,0,0,1,0
389,22,19,5,0,0,0,0,0,0
390,27,19,7,0,0,0,0,0,1
391,27,32,2,1,1,1,0,0,0
392,20,23,7,0,0,0,0,1,1
393,21,24,2,0,0,0,0,1,1
394,21,24,4,2,0,0,0,0,0
395,22,35,4,0,1,0,0,0,0
396,18,24,3,0,2,1,0,0,0
397,21,27,4,0,0,0,0,0,1
398,15,21,2,1,0,0,0,0,0
399,13,31,5,0,0,0,0,0,0
400,23,22,5,0,1,0,0,0,1
401,20,23,4,0,0,0,0,0,0
402,27,23,5,0,0,0,0,0,0
403,18,23,4,0,0,0,0,0,0
404,16,26,6,1,1,0,0,0,0
405,22,18,4,0,0,0,0,0,0
406,12,18,4,0,0,0,2,0,0
407,17,31,11,0,1,1,0,0,1
408,16,27,9,0,0,0,0,0,0
409,14,23,3,0,0,0,0,0,0
410,10,28,3,1,0,0,0,0,0
411,15,35,6,0,1,1,0,0,0
412,27,23,7,1,0,0,0,0,0
413,13,33,9,0,0,0,0,0,0
414,13,26,6,1,1,0,0,1,0
415,18,22,2,0,1,0,0,0,0
416,18,25,2,2,0,0,0,0,0
417,17,25,2,2,0,0,0,0,0
418,8,25,4,2,0,0,0,0,0
419,27,26,5,3,0,0,0,0,0
420,19,26,5,0,0,1,0,0,0
421,19,21,3,2,0,0,1,0,0
422,18,27,5,1,1,0,0,0,0
423,15,27,6,1,0,0,0,0,1
424,11,27,4,3,0,1,0,0,0
425,19,24,14,0,0,0,0,0,0
426,15,27,5,1,0,0,0,0,0
427,13,23,10,0,1,2,1,0,0
428,13,32,5,0,0,0,0,0,0
429,19,38,9,2,2,0,0,0,0
430,15,29,10,2,0,0,0,0,0
431,17,26,8,0,0,0,0,0,0
432,15,21,9,1,1,0,0,0,0
433,17,30,8,1,2,0,1,0,0
434,20,22,10,1,0,0,1,0,0
435,16,26,7,1,0,0,0,0,0
436,24,29,3,1,2,0,0,0,0
437,19,40,11,2,0,0,1,0,0
438,15,29,7,0,0,0,0,0,0
439,17,27,5,1,0,0,0,0,0
440,10,26,11,0,0,0,1,0,0
441,12,26,7,1,0,0,0,0,0
442,12,34,8,1,0,0,0,0,0
443,17,25,9,2,0,0,0,0,0
444,15,17,4,2,1,1,0,0,0
445,10,34,9,1,1,0,0,0,0
446,17,31,9,2,0,0,0,1,0
447,14,23,9,0,1,0,0,0,0
448,16,31,10,1,0,2,0,0,0
449,11,36,8,0,0,1,2,0,0
450,4,25,9,2,0,0,0,0,0
451,19,34,10,2,0,0,0,0,0
452,24,29,7,2,0,0,0,0,0
453,6,22,13,1,0,0,0,0,0
454,9,29,11,2,0,0,0,1,1
455,8,24,5,2,0,0,0,0,0
456,15,28,13,0,2,0,0,0,0
457,10,24,8,0,0,0,0,0,0
458,12,30,11,0,0,0,0,0,0
459,13,30,10,1,0,0,0,0,0
460,10,24,14,0,0,0,0,1,0
461,14,25,10,0,0,1,0,0,0
462,11,30,14,0,0,0,0,0,0
463,7,26,8,0,0,0,0,0,0
464,17,38,10,3,0,0,0,0,0
465,8,31,13,1,0,0,0,0,0
466,7,30,6,0,0,0,0,0,0
467,16,21,14,1,0,0,0,0,0
468,13,27,6,3,0,1,0,0,0
469,8,22,13,0,1,0,0,0,0
470,11,19,10,1,0,0,0,0,0
471,10,21,16,0,0,0,0,0,0
472,8,33,15,5,0,0,0,0,0
473,6,29,10,2,1,0,0,0,0
474,13,17,16,2,0,0,0,0,1
475,11,30,13,2,0,0,0,0,0
476,11,28,17,2,1,0,0,0,0
477,7,25,10,0,1,0,0,1,0
478,12,33,12,1,0,0,0,0,0
479,13,23,13,1,0,0,0,0,0
480,9,28,17,1,0,1,0,0,2
481,11,21,14,2,0,0,0,0,0
482,8,21,21,1,0,1,0,0,0
483,12,25,15,3,0,0,0,0,1
484,12,24,14,1,0,0,0,0,0
485,15,35,14,0,0,0,0,0,0
486,9,38,18,7,0,0,0,0,0
487,10,30,15,0,1,0,0,0,0
488,13,22,9,2,0,0,0,0,0
489,9,31,16,5,0,1,0,1,0
490,8,23,17,5,0,0,0,0,0
491,8,26,10,1,1,0,0,0,0
492,9,26,19,5,0,0,0,0,0
493,8,23,16,3,0,0,0,0,0
494,3,29,11,2,0,1,1,0,0
495,4,29,18,0,0,0,0,1,0
496,5,32,17,1,0,0,0,0,0
497,6,23,13,2,0,2,0,0,0
498,5,32,10,4,0,2,0,1,0
499,4,25,20,3,0,0,0,0,2
500,8,25,13,1,0,0,0,0,0
501,7,17,25,1,0,0,0,0,0
502,15,21,25,0,0,0,0,0,0
503,4,30,17,3,0,0,0,0,0
504,5,23,18,2,0,0,0,0,0
505,9,19,11,3,1,0,1,0,0
506,11,29,17,2,0,0,0,0,0
507,6,22,22,4,0,0,0,0,0
508,5,32,17,2,0,0,0,0,0
509,3,21,14,4,0,0,0,0,0
510,6,25,19,2,0,2,0,0,0
511,7,31,13,4,0,0,1,0,0
512,7,29,16,10,0,1,0,0,0
513,8,23,19,1,1,2,0,0,0
514,7,28,13,6,1,0,0,0,0
515,9,23,21,4,2,0,0,0,0
516,5,19,14,3,1,0,0,1,0
517,9,19,19,2,0,0,0,1,0
518,3,22,17,2,1,0,0,0,0
519,6,23,22,3,0,0,0,0,1
520,10,27,16,0,0,0,0,0,0
521,4,31,20,1,0,0,0,0,0
522,5,38,29,3,0,0,0,0,0
523,2,19,19,2,0,0,0,0,0
524,4,25,13,3,0,0,0,0,0
525,4,19,23,3,0,1,0,0,0
526,3,26,27,5,0,0,0,0,0
527,5,15,24,2,1,1,0,0,0
528,6,19,18,3,4,0,0,0,0
529,5,23,11,4,0,1,0,0,0
530,5,23,27,2,3,0,0,0,0
531,3,27,16,4,0,0,0,0,0
532,2,24,21,2,0,0,0,0,1
533,6,19,19,2,2,0,0,0,0
534,1,20,15,4,0,0,0,0,0
535,2,25,25,2,1,0,0,0,0
536,2,17,23,4,1,0,0,1,0
537,7,22,26,4,2,0,0,0,0
538,8,25,27,3,1,0,0,0,0
539,5,23,32,2,0,0,0,0,0
540,4,20,23,1,1,0,0,0,0
541,4,26,21,0,3,1,0,0,0
542,2,15,25,4,0,0,0,0,0
543,1,21,24,2,0,0,0,1,0
544,4,17,21,5,0,0,0,0,0
545,6,21,32,5,0,0,0,0,0
546,3,15,27,6,0,0,0,1,0
547,3,20,22,5,1,0,0,1,1
548,4,21,18,2,0,1,1,0,0
549,4,31,30,0,2,0,1,0,0
550,1,26,25,3,0,0,0,0,0
551,3,16,34,7,1,1,1,0,0
552,7,23,24,7,1,1,0,0,0
553,4,20,24,4,1,0,0,0,0
554,1,24,26,6,0,0,0,0,1
555,3,19,33,4,1,0,0,0,0
556,4,18,19,9,2,1,0,0,0
557,3,20,31,5,0,0,0,0,0
558,2,16,28,6,0,1,0,0,0
559,3,26,28,7,1,0,0,0,0
560,4,20,24,6,0,0,0,0,0
561,3,18,24,7,1,0,0,0,0
562,2,17,26,6,2,0,0,0,0
563,3,13,20,8,0,0,0,0,0
564,5,25,37,0,0,0,0,0,0
565,5,20,26,7,0,0,0,1,0
566,1,20,23,8,1,0,0,0,0
567,3,12,25,10,0,0,0,0,0
568,4,17,27,7,1,0,0,0,0
569,2,16,20,5,2,0,0,0,0
570,4,16,27,4,1,0,0,0,0
571,4,20,31,8,0,2,0,1,0
572,4,20,27,7,2,0,1,0,0
573,2,24,28,6,2,0,0,0,0
574,3,17,29,7,1,0,0,0,0
575,3,21,28,11,1,0,0,0,0
576,0,11,30,9,0,1,0,0,0
577,2,15,22,8,0,0,0,0,0
578,4,17,32,6,0,0,0,0,0
579,2,16,25,11,0,0,0,0,0
580,1,20,35,8,2,0,1,0,0
581,4,18,29,9,1,0,0,0,0
582,4,16,31,7,1,1,1,0,0
583,2,17,32,10,0,0,0,0,0
584,1,14,20,15,2,0,0,1,0
585,0,14,27,16,1,0,0,0,0
586,1,15,22,10,1,1,1,0,0
587,0,14,29,7,1,0,0,0,0
588,1,14,32,14,0,0,0,0,0
589,1,18,28,9,1,0,0,0,0
590,1,17,27,12,0,0,0,0,0
591,3,20,35,13,1,0,0,0,0
592,0,16,22,5,0,0,0,0,0
593,1,10,18,12,2,1,0,0,0
594,0,11,36,9,1,0,0,0,0
595,1,14,25,9,2,0,0,0,1
596,3,16,21,8,1,0,0,0,0
597,2,11,33,12,0,0,0,0,0
598,3,14,21,11,4,0,0,1,0
599,1,14,37,10,1,0,0,0,0
600,0,14,28,15,1,1,0,0,0
601,4,8,34,7,2,1,0,0,0
602,2,10,30,16,1,0,0,1,1
603,2,16,34,11,2,0,0,0,0
604,0,19,28,7,0,1,0,1,0
605,3,10,28,6,1,0,0,0,0
606,0,14,26,14,3,0,0,0,0
607,1,9,29,14,0,0,0,0,0
608,0,9,32,12,0,2,0,0,0
609,2,12,28,8,0,0,0,0,0
610,1,11,31,14,2,0,1,0,0
611,1,10,43,4,0,1,0,0,0
612,3,7,31,16,4,0,0,0,0
613,2,9,30,12,1,0,1,0,0
614,2,12,32,10,1,0,0,0,0
615,0,11,29,14,1,1,0,0,0
616,0,7,26,12,2,2,0,0,0
617,1,6,36,15,3,0,0,0,0
618,0,9,31,16,1,1,0,0,0
619,1,12,28,12,1,1,0,0,0
620,1,6,27,10,0,1,0,0,0
621,1,10,34,11,2,0,0,0,0
622,1,7,38,13,0,0,0,0,0
623,1,13,25,13,1,2,0,1,0
624,1,5,28,13,2,0,0,1,0
625,3,7,25,11,2,0,0,0,0
626,0,14,25,6,1,0,0,0,0
627,2,13,33,11,3,0,0,0,0
628,1,11,27,11,2,0,1,0,1
629,0,12,28,13,1,0,0,0,0
630,1,6,23,20,3,0,1,0,0
631,2,11,26,18,2,1,0,0,1
632,0,11,22,10,4,1,1,1,1
633,1,8,35,26,4,1,0,0,0
634,2,10,27,20,2,0,0,0,0
635,2,7,25,18,3,0,1,0,0
636,1,5,25,15,2,1,0,0,0
637,0,10,34,16,0,0,0,0,0
638,1,9,33,18,2,0,0,0,0
639,1,8,29,15,3,0,0,1,0
640,4,14,31,13,0,0,0,0,0
641,1,4,25,16,2,1,0,1,0
642,0,5,40,25,2,0,0,0,0
643,0,6,34,24,4,0,2,0,0
644,0,10,25,15,5,0,1,0,0
645,0,9,22,16,1,0,0,0,0
646,0,5,29,25,0,0,0,0,0
647,1,6,31,21,4,0,1,0,2
648,0,9,32,19,3,1,0,0,0
649,0,9,22,18,5,1,1,0,0
650,0,6,20,20,2,1,0,0,0
651,1,11,32,19,0,0,0,2,1
652,0,2,34,16,3,0,0,0,0
653,2,5,33,18,4,3,0,0,0
654,0,9,33,19,0,2,0,0,0
655,0,4,20,11,2,1,0,0,0
656,1,8,26,16,1,0,1,0,0
657,1,8,32,21,4,0,0,0,0
658,1,7,32,21,1,1,0,0,0
659,1,5,20,30,2,0,0,0,0
660,0,9,19,13,1,0,0,0,0
661,0,4,25,22,3,1,0,0,0
662,1,5,31,12,8,0,0,1,0
663,1,6,23,12,3,0,0,1,0
664,3,4,26,17,2,0,0,0,0
665,1,1,28,25,2,0,1,0,1
666,0,9,30,14,4,1,0,0,0
667,0,4,30,18,3,2,0,0,0
668,0,8,26,19,3,1,1,0,0
669,0,4,29,16,4,0,0,0,0
670,1,4,25,25,2,2,0,0,0
671,0,1,29,26,2,1,0,0,0
672,1,6,24,26,3,0,1,0,0
673,0,4,28,23,2,0,0,0,0
674,0,5,16,27,7,1,0,0,0
675,0,4,23,29,3,0,0,0,0
676,0,3,23,35,2,0,0,0,0
677,0,3,30,22,2,1,2,0,0
678,0,1,25,34,0,0,0,0,0
679,0,3,14,26,2,1,1,0,0
680,0,5,33,37,4,0,0,0,0
681,1,4,18,28,7,1,0,0,0
682,0,3,19,27,1,0,0,0,0
683,0,7,18,23,1,2,0,0,0
684,0,3,26,35,4,1,0,0,0
685,0,2,29,26,4,0,0,0,0
686,0,6,32,25,2,1,0,0,0
687,0,2,22,29,5,1,0,0,0
688,0,3,21,35,3,0,0,0,0
689,0,5,26,22,7,1,0,0,0
690,0,1,23,27,3,1,0,0,0
691,0,5,21,26,8,0,0,0,0
692,0,3,22,31,4,0,1,0,0
693,0,1,28,18,7,1,0,0,0
694,1,3,19,24,8,0,0,0,0
695,1,4,31,30,5,0,0,0,0
696,0,4,16,31,9,0,0,0,0
697,0,5,27,28,5,2,0,0,1
698,0,2,33,18,3,0,0,0,0
699,2,2,24,22,5,1,0,0,0
700,0,1,27,23,4,1,0,0,0
701,0,3,24,31,7,1,0,0,0
702,0,2,26,29,8,0,0,0,0
703,0,1,19,26,3,0,0,0,0
704,0,4,20,31,9,0,1,0,1
705,0,1,16,28,7,0,0,0,0
706,0,4,20,28,6,0,0,0,0
707,0,1,18,19,6,2,0,0,0
708,1,3,24,29,4,0,0,0,0
709,0,2,22,30,8,0,0,0,0
710,0,2,20,29,8,1,0,0,1
711,0,3,17,27,4,1,0,0,0
712,0,1,25,43,4,4,0,0,0
713,0,2,21,33,8,0,0,0,0
714,0,2,19,33,5,3,0,1,0
715,0,1,17,22,5,1,0,1,0
716,0,1,18,17,7,1,2,0,0
717,0,3,12,31,9,0,0,0,1
718,1,0,16,26,5,2,0,0,0
719,0,3,14,31,14,0,0,1,0
720,0,4,29,29,15,1,0,0,0
721,0,2,23,26,8,2,0,0,0
722,0,1,14,33,4,3,0,0,1
723,0,1,29,28,8,1,0,0,0
724,2,1,20,31,9,0,0,0,0
725,0,3,15,24,7,1,0,0,1
726,0,2,18,35,14,1,1,0,0
727,0,1,9,34,9,2,0,0,0
728,0,3,13,30,8,2,0,1,0
729,1,1,17,32,10,1,0,0,0
730,0,1,12,31,8,4,1,1,0
731,0,0,21,28,11,1,1,0,0
732,0,3,16,34,7,0,0,0,0
733,0,0,17,32,13,0,0,0,0
734,0,1,19,29,15,2,1,0,0
735,0,1,12,47,12,1,0,0,0
736,0,2,15,30,10,0,1,0,0
737,0,1,11,35,15,1,1,1,1
738,1,2,15,39,13,2,0,0,0
739,0,0,14,38,8,2,0,0,0
740,0,2,11,30,12,1,0,0,0
741,0,1,16,34,6,2,0,0,0
742,0,0,11,28,9,1,0,0,0
743,0,2,14,35,8,2,0,1,0
744,0,0,10,36,10,2,0,0,0
745,0,1,14,35,13,4,0,0,0
746,0,2,20,34,14,2,0,0,0
747,0,3,17,23,15,0,0,0,0
748,0,2,14,34,11,1,0,0,0
749,0,1,22,35,10,2,1,0,0
750,0,0,23,36,9,2,0,0,0
751,0,2,15,32,8,1,0,0,0
752,0,0,18,36,14,2,1,2,0
753,0,0,15,37,17,3,0,1,0
754,0,1,15,35,16,3,0,0,0
755,0,2,12,32,19,0,0,0,0
756,0,1,9,31,14,2,0,0,0
757,1,0,15,34,12,0,0,0,0
758,1,0,8,25,19,1,0,0,0
759,0,0,15,29,17,1,0,0,0
760,0,2,6,24,12,4,1,1,0
761,0,0,8,35,10,1,0,0,0
762,0,0,13,33,18,2,0,0,0
763,0,1,23,33,19,3,0,0,0
764,0,1,8,42,16,4,0,0,0
765,0,0,11,31,17,3,0,1,0
766,0,0,13,37,17,1,0,0,1
767,0,0,10,33,13,1,0,0,0
768,0,0,9,34,23,1,0,0,0
769,0,0,16,33,12,3,0,0,0
770,0,2,12,37,19,0,1,0,0
771,0,1,11,42,17,3,0,1,0
772,0,2,11,24,11,3,0,1,0
773,0,0,8,31,11,0,0,0,0
774,0,2,10,30,24,4,1,0,0
775,0,1,8,22,12,2,0,0,0
776,0,3,12,29,10,2,0,0,0
777,0,0,7,31,27,2,0,0,0
778,0,1,5,30,18,6,0,0,1
779,0,0,12,35,23,3,0,0,0
780,0,1,9,26,18,1,0,0,0
781,0,0,9,33,18,4,0,0,0
782,0,0,12,29,17,4,0,0,0
783,0,0,12,30,19,2,0,0,1
784,0,1,7,36,20,4,0,0,0
785,0,0,6,39,20,2,0,0,0
786,1,1,8,26,17,0,0,0,0
787,0,0,8,38,21,2,2,1,0
788,0,0,9,32,27,2,0,0,0
789,0,0,8,37,21,3,0,0,0
790,0,0,3,37,22,1,0,0,0
791,0,0,9,25,24,2,0,0,0
792,0,1,5,31,17,2,0,0,0
793,0,1,4,20,14,4,0,0,0
794,0,0,9,27,29,6,0,0,0
795,0,0,2,42,28,4,0,0,0
796,0,1,6,25,26,4,0,0,0
797,0,0,4,31,23,3,0,1,0
798,0,0,5,31,22,5,0,0,0
799,0,0,5,22,14,1,2,0,0
800,0,0,6,31,19,7,0,0,0
801,0,0,4,38,20,5,0,1,0
802,0,0,7,26,23,2,0,0,0
803,0,0,10,29,34,4,0,0,0
804,0,0,5,23,30,4,0,0,0
805,0,0,12,41,18,7,0,0,0
806,0,0,8,28,25,5,0,0,0
807,0,1,5,18,18,5,0,0,0
808,0,0,2,25,20,7,0,0,0
809,0,0,6,37,28,5,0,0,1
810,0,0,13,27,19,4,0,0,0
811,0,0,7,30,25,6,0,0,0
812,0,0,6,29,21,3,0,0,0
813,0,0,3,24,33,4,0,0,0
814,0,0,5,31,32,6,2,0,0
815,0,0,5,35,31,5,0,0,0
816,0,0,3,32,26,4,0,0,1
817,0,0,5,29,23,4,1,0,0
818,0,0,7,28,30,4,0,0,0
819,0,0,4,26,34,7,0,0,1
820,0,0,4,28,22,0,0,0,0
821,0,0,5,29,23,6,0,0,0
822,0,0,7,26,45,9,0,0,0
823,0,0,7,29,41,5,0,0,0
824,0,0,2,31,35,5,0,0,0
825,0,0,0,28,30,5,1,1,0
826,0,0,3,25,24,10,0,0,0
827,0,1,4,21,39,7,0,0,0
828,0,0,4,26,26,4,0,0,0
829,0,0,8,22,31,8,0,0,0
830,0,1,9,22,35,9,0,0,0
831,0,1,4,20,37,12,0,0,2
832,0,1,1,18,29,5,0,0,0
833,0,1,5,28,25,6,0,0,0
834,0,0,5,25,32,6,0,0,0
835,0,0,5,30,37,10,0,0,0
836,0,0,2,32,37,9,0,1,0
837,0,0,4,28,26,6,0,1,0
838,0,0,4,16,28,8,0,0,0
839,0,0,3,25,26,15,0,0,0
840,0,0,3,25,22,10,1,0,0
841,0,0,2,20,34,9,0,0,0
842,0,0,3,22,33,4,0,0,0
843,0,0,2,14,27,4,0,1,0
844,0,0,6,27,40,9,0,0,0
845,0,0,5,21,31,11,0,0,0
846,0,0,2,31,30,11,0,0,0
847,0,1,4,16,25,12,0,0,0
848,0,0,1,14,37,7,0,0,0
849,0,0,1,19,18,9,0,0,0
850,0,0,0,21,31,11,0,0,0
851,0,0,4,20,37,10,0,0,0
852,0,0,3,21,42,8,1,0,0
853,0,0,2,22,49,8,0,0,0
854,0,0,0,17,37,10,1,0,0
855,0,0,1,22,27,9,0,0,1
856,0,0,2,22,45,9,1,0,0
857,0,0,2,14,34,7,1,0,0
858,0,0,3,15,33,12,0,0,0
859,0,0,2,17,45,10,0,0,0
860,0,0,1,16,29,9,0,0,0
861,0,0,1,17,38,12,0,1,1
862,0,0,2,14,39,11,0,1,0
863,0,0,0,14,24,11,1,0,0
864,0,0,4,16,43,6,0,1,0
865,0,0,2,12,41,12,1,0,0
866,0,1,4,17,30,20,1,0,0
867,0,0,1,13,35,14,0,0,0
868,0,1,1,17,39,12,0,0,1
869,0,0,1,25,31,14,0,0,0
870,0,0,2,17,31,12,0,0,0
871,0,0,1,18,35,13,0,1,0
872,0,0,1,11,36,22,1,0,0
873,0,0,1,13,48,17,1,0,0
874,0,0,2,11,41,19,1,0,0
875,0,0,0,16,35,9,0,0,0
876,0,0,1,9,28,10,0,0,0
877,0,0,0,15,41,16,0,0,1
878,0,0,2,14,44,17,1,0,0
879,0,0,4,20,31,20,0,0,0
880,0,0,1,16,35,15,0,0,0
881,0,0,3,16,30,27,1,0,0
882,0,0,1,10,28,24,0,0,0
883,0,0,0,13,44,19,0,0,0
884,0,0,2,16,40,13,0,0,0
885,0,1,0,10,42,19,0,0,0
886,0,0,2,8,35,14,0,0,0
887,0,0,1,11,33,23,0,0,0
888,0,0,1,15,32,20,0,0,0
889,0,0,0,14,47,16,0,1,1
890,0,0,1,19,37,15,0,0,0
891,0,0,3,15,37,16,0,0,0
892,0,0,1,7,36,27,3,0,0
893,0,0,3,12,25,23,0,0,0
894,0,0,1,8,34,24,1,0,0
895,0,0,2,7,29,24,0,0,0
896,0,0,2,11,32,26,1,0,1
897,0,0,0,11,33,16,0,1,0
898,0,0,0,10,31,25,1,0,1
899,0,0,0,11,42,20,0,0,0
900,0,0,0,7,41,27,0,0,1
901,0,0,0,11,35,17,0,1,0
902,0,0,1,10,37,19,1,0,0
903,0,0,2,10,44,23,0,0,0
904,0,0,2,11,38,25,0,0,0
905,0,0,2,9,33,13,0,1,1
906,0,0,1,13,34,26,0,1,1
907,0,0,2,13,40,29,1,1,0
908,0,0,0,11,34,27,0,0,0
909,0,0,0,15,41,19,0,0,0
910,0,0,1,6,46,26,1,0,0
911,0,0,1,6,40,15,0,1,0
912,0,0,0,4,25,26,0,0,0
913,1,0,0,11,32,26,0,1,0
914,0,0,0,9,43,28,1,1,0
915,0,0,1,8,35,22,1,0,0
916,0,0,2,4,33,24,0,0,0
917,0,0,0,8,36,29,0,0,0
918,0,0,1,9,34,20,1,0,1
919,0,0,0,5,44,26,1,0,0
920,0,0,0,12,38,24,0,0,0
921,0,0,0,7,30,35,0,1,0
922,0,0,0,4,34,24,0,1,0
923,0,0,0,4,57,32,0,1,0
924,0,0,0,3,32,29,0,1,0
925,0,0,0,1,27,28,0,0,0
926,0,1,0,5,33,23,0,1,0
927,0,0,1,8,43,34,0,0,0
928,0,0,1,5,26,22,0,0,0
929,0,0,0,8,36,28,0,0,0
930,0,0,0,5,40,31,0,0,0
931,0,0,0,4,27,28,0,1,0
932,0,0,1,7,36,29,0,0,0
933,0,0,0,13,28,33,1,0,0
934,0,0,1,8,33,26,0,0,0
935,0,1,0,2,30,25,1,0,0
936,0,0,0,6,25,38,1,0,0
937,0,0,1,4,42,26,0,0,0
938,0,0,0,5,32,27,1,0,1
939,0,0,0,7,35,32,0,0,0
940,0,0,0,2,30,35,0,0,0
941,0,0,0,2,35,22,0,0,0
942,0,0,0,4,20,31,0,0,0
943,0,0,0,2,29,44,0,2,0
944,0,0,1,8,22,39,1,0,0
945,0,0,1,5,30,35,0,0,0
946,0,0,0,5,29,31,0,0,0
947,0,0,1,4,36,35,0,0,0
948,0,0,1,2,24,41,0,0,0
949,0,0,0,6,25,22,0,0,0
950,0,0,1,2,28,36,0,0,0
951,0,0,1,1,29,40,0,0,0
952,0,0,0,6,30,40,0,0,0
953,0,0,0,7,25,33,0,0,0
954,0,0,0,7,23,33,0,0,1
955,0,0,0,6,31,41,0,0,0
956,0,0,0,7,41,37,0,0,0
957,0,0,0,2,34,31,0,0,0
958,0,0,0,4,22,37,0,0,0
959,0,0,1,4,22,35,0,0,0
960,0,0,0,1,32,29,0,0,1
961,0,0,0,2,27,35,0,2,0
962,0,0,0,2,23,34,0,0,0
963,0,0,0,3,26,33,0,0,0
964,0,0,0,4,31,32,0,0,0
965,0,0,0,2,28,31,0,1,1
966,0,0,0,4,23,43,0,1,0
967,0,0,2,0,29,33,0,0,0
968,0,0,0,5,26,48,1,1,0
969,0,0,0,1,21,40,0,0,0
970,0,0,0,3,15,45,0,0,0
971,0,0,0,1,17,44,0,0,0
972,0,0,1,3,23,25,0,0,0
973,0,0,0,0,28,34,0,0,0
974,0,0,2,2,23,44,0,0,0
975,0,0,0,4,23,32,0,0,1
976,0,0,0,3,22,47,0,1,0
977,0,0,1,7,14,47,0,0,0
978,0,0,0,4,19,42,0,0,0
979,0,0,0,5,16,47,0,0,0
980,0,0,1,3,19,41,0,1,0
981,0,0,0,2,16,35,0,0,0
982,0,0,0,0,19,31,0,0,0
983,0,0,1,2,16,35,0,0,0
984,0,0,0,1,23,42,0,0,0
985,0,0,0,3,21,40,0,0,0
986,0,0,0,4,17,46,0,1,0
987,0,0,0,1,22,50,1,0,0
988,0,0,0,1,25,45,0,0,0
989,0,0,0,3,18,34,0,1,0
990,0,0,0,2,21,39,0,0,0
991,0,0,0,3,16,44,0,0,0
992,0,0,1,4,23,44,0,0,0
993,0,0,0,3,20,39,0,0,1
994,1,0,0,2,24,42,0,0,0
995,0,0,0,4,14,39,0,1,0
996,0,0,0,1,22,33,1,0,0
997,0,0,0,0,13,33,2,1,0
998,0,0,0,0,16,36,0,0,0
999,0,0,0,0,16,43,0,0,1
1000,0,0,0,0,15,41,0,0,0
1001,0,0,0,6,5,36,0,0,0
1002,0,0,1,1,8,36,1,0,0
1003,0,0,0,0,15,42,0,1,1
1004,0,0,0,1,13,36,0,0,0
1005,0,0,0,1,16,38,0,0,0
1006,0,0,0,2,8,37,0,0,0
1007,0,0,0,1,14,39,3,0,0
1008,0,0,0,0,11,31,0,0,0
1009,0,0,0,2,8,40,0,0,2
1010,0,0,0,0,16,39,0,1,0
1011,0,0,0,0,10,42,0,0,0
1012,0,0,0,1,16,30,1,1,0
1013,0,0,1,1,12,42,1,0,0
1014,0,0,1,0,11,41,0,0,1
1015,0,1,0,4,16,42,0,0,0
1016,0,0,0,1,11,34,0,1,0
1017,0,0,0,1,9,47,0,0,0
1018,0,0,0,0,9,42,0,0,0
1019,0,0,0,0,9,36,0,0,0
1020,0,0,0,0,12,55,1,0,0
1021,0,0,0,2,15,49,0,0,0
1022,0,0,0,1,12,35,0,0,0
1023,0,0,0,1,6,38,0,0,0
1024,0,0,0,2,14,28,1,0,0
1025,0,0,0,0,10,32,0,0,0
1026,0,0,0,1,10,39,0,0,0
1027,0,0,0,1,12,38,0,0,0
1028,0,0,0,0,6,38,0,1,0
1029,0,0,0,0,4,35,0,0,0
1030,0,0,0,1,9,34,0,0,0
1031,0,0,0,2,6,38,2,0,0
1032,0,0,0,0,7,50,0,0,1
1033,0,0,0,4,6,27,1,0,0
1034,0,0,0,1,10,27,0,0,0
1035,0,0,0,0,4,35,1,0,0
1036,0,0,0,1,6,26,0,0,0
1037,0,0,0,0,3,36,2,1,0
1038,0,0,0,0,11,37,1,0,0
1039,0,0,0,0,13,34,0,0,1
1040,0,0,0,0,8,18,0,0,0
1041,0,0,0,1,10,26,0,0,0
1042,0,0,0,1,7,39,1,1,0
1043,0,0,0,0,4,35,0,1,0
1044,0,0,0,3,8,34,0,0,0
1045,0,0,0,1,9,38,0,0,0
1046,0,0,0,0,2,34,0,2,0
1047,0,0,0,0,7,30,0,0,0
1048,0,0,0,0,12,23,0,0,0
1049,0,0,0,0,7,32,0,0,0
1050,0,0,0,0,6,34,0,0,0
1051,0,0,0,0,9,31,0,0,0
1052,0,0,0,0,5,39,0,1,0
1053,0,0,0,1,5,36,0,0,0
1054,0,0,0,0,6,31,0,0,0
1055,0,0,0,1,3,21,0,0,0
1056,0,0,0,1,3,35,0,0,0
1057,0,0,0,0,3,35,0,0,0
1058,0,0,0,0,1,33,0,0,0
1059,0,0,0,1,6,26,0,0,0
1060,0,0,0,1,4,29,1,0,0
1061,0,0,0,0,3,25,0,0,0
1062,0,0,1,0,4,24,0,0,0
1063,0,0,0,0,8,25,0,0,0
1064,0,0,0,1,3,32,0,0,0
1065,0,0,0,0,6,27,2,0,0
1066,0,0,0,1,2,30,0,0,0
1067,0,0,0,0,5,27,0,0,0
1068,0,0,0,1,5,27,4,0,0
1069,0,0,0,0,8,27,0,0,0
1070,0,0,0,0,4,27,4,1,0
1071,0,0,0,0,2,33,0,0,0
1072,0,0,0,0,3,30,0,0,0
1073,0,1,0,0,2,23,1,0,0
1074,0,0,0,0,6,24,0,0,0
1075,0,0,0,0,4,24,1,0,1
1076,0,0,0,0,1,27,0,0,0
1077,0,0,0,0,8,25,1,0,0
1078,0,0,0,0,5,22,0,1,0
1079,0,0,0,1,3,25,1,1,1
1080,0,0,0,1,5,22,0,1,0
1081,0,0,0,0,3,26,1,0,0
1082,0,0,0,0,2,16,0,0,0
1083,0,0,0,0,6,25,0,0,0
1084,0,0,0,0,3,20,1,0,0
1085,0,0,0,0,1,22,1,0,0
1086,0,0,0,1,1,21,1,1,1
1087,0,0,0,0,3,19,0,0,1
1088,0,0,0,0,2,27,2,0,0
1089,0,0,0,0,3,14,0,0,2
1090,0,0,0,0,4,15,0,0,0
1091,0,0,0,1,2,17,0,0,0
1092,0,0,0,0,1,18,0,0,0
1093,0,0,0,1,3,13,0,0,0
1094,0,0,0,0,1,18,0,0,0
1095,0,0,0,0,4,14,0,0,1
1096,0,0,0,0,3,12,1,0,0
1097,0,0,0,0,2,16,1,1,0
1098,0,0,0,0,1,18,0,0,0
1099,0,0,0,0,0,15,0,1,0
1100,0,0,0,0,3,18,0,0,0
1101,0,0,0,0,3,21,1,0,0
1102,0,0,0,0,5,17,0,0,0
1103,0,0,0,0,2,15,1,0,0
1104,0,0,0,0,0,8,1,1,0
1105,0,0,0,0,1,12,1,0,0
1106,0,0,0,0,2,12,0,0,0
1107,0,0,0,0,1,18,0,0,0
1108,0,0,0,0,1,12,0,0,0
1109,0,0,0,0,2,16,1,0,0
1110,0,0,0,0,1,13,1,1,0
1111,0,0,0,0,1,13,0,0,0
1112,0,0,0,0,1,15,1,1,0
1113,0,0,0,0,0,17,1,0,0
1114,0,0,0,0,1,7,0,0,0
1115,0,0,0,0,1,17,0,0,0
1116,0,0,0,0,1,13,1,0,0
1117,0,0,0,0,2,7,1,0,0
1118,0,0,0,0,1,14,1,0,1
1119,0,0,0,0,1,14,0,0,0
1120,0,0,0,0,2,12,1,0,1
1121,0,0,0,0,2,10,0,0,0
1122,0,0,0,0,0,7,2,1,0
1123,0,0,0,0,2,14,3,1,0
1124,0,0,0,0,0,15,0,0,0
1125,0,0,0,0,0,13,0,1,2
1126,0,0,0,0,0,11,1,0,0
1127,0,0,0,0,1,13,2,0,0
1128,0,0,0,0,0,7,0,0,0
1129,0,0,0,0,2,10,2,0,0
1130,0,0,0,0,0,6,0,0,0
1131,0,0,0,0,1,8,0,0,3
1132,0,0,0,0,0,15,0,0,0
1133,0,0,0,0,2,10,0,0,0
1134,0,0,0,0,0,14,0,0,0
1135,0,0,0,0,1,6,1,0,0
1136,0,0,0,0,1,9,1,0,0
1137,0,0,0,1,0,9,1,1,1
1138,0,0,0,0,1,13,0,1,0
1139,0,0,0,0,0,7,0,0,0
1140,0,0,0,0,0,7,2,0,0
1141,0,0,0,0,0,5,1,1,2
1142,0,0,0,0,0,11,2,0,0
1143,0,0,0,0,0,7,4,0,1
1144,0,0,0,0,0,10,0,0,1
1145,0,0,0,0,1,11,3,1,0
1146,0,0,0,0,0,5,0,0,0
1147,0,0,0,0,1,3,1,0,1
1148,0,0,0,0,1,8,1,0,0
1149,0,0,0,0,0,9,0,0,0
1150,0,0,0,0,0,5,0,0,0
1151,0,0,0,0,1,4,2,0,0
1152,0,0,0,0,0,7,1,0,1
1153,0,0,0,0,1,1,0,0,0
1154,0,0,0,0,1,6,2,0,0
1155,0,0,0,0,0,6,0,0,0
1156,0,0,0,1,1,5,1,1,0
1157,0,0,0,0,1,2,1,0,0
1158,0,0,0,0,1,6,0,0,0
1159,0,0,0,0,1,4,1,0,1
1160,0,0,0,0,0,2,1,0,0
1161,0,0,0,0,0,7,2,0,2
1162,0,0,0,0,0,3,1,1,0
1163,0,0,0,0,0,11,1,0,0
1164,0,0,0,0,0,4,0,0,0
1165,0,0,0,0,0,3,2,0,0
1166,0,0,0,1,1,2,2,0,0
1167,0,0,0,0,1,2,2,0,0
1168,0,0,0,0,1,4,1,0,1
1169,0,0,0,0,1,2,0,0,0
1170,0,0,0,0,0,8,2,0,0
1171,0,0,0,0,0,3,6,2,0
1172,0,0,0,0,0,3,0,0,0
1173,0,0,0,0,1,3,1,0,0
1174,0,0,0,0,0,5,3,1,1
1175,0,0,0,0,0,2,3,0,0
1176,0,0,0,0,1,2,0,0,0
1177,0,0,0,0,0,3,1,0,0
1178,0,0,0,0,1,0,3,0,0
1179,0,0,0,0,0,6,0,0,0
1180,0,0,0,0,0,6,2,0,0
1181,0,0,0,0,0,5,1,0,0
1182,0,0,0,0,1,3,1,1,0
1183,0,0,0,0,0,0,2,0,0
1184,0,0,0,0,1,5,1,0,0
1185,0,0,0,0,0,2,0,0,0
1186,0,0,0,0,0,5,3,0,0
1187,0,0,0,0,0,5,3,0,0
1188,0,0,0,0,0,5,0,0,0
1189,0,0,0,0,0,2,1,0,0
1190,0,0,0,0,0,1,1,0,0
1191,0,0,0,0,0,1,1,1,1
1192,0,0,0,0,0,0,2,0,0
1193,0,0,0,0,0,4,4,0,0
1194,0,0,0,0,0,4,0,1,0
1195,0,0,0,0,0,3,1,0,0
1196,0,0,0,0,0,1,5,0,0
1197,0,0,0,0,0,2,2,0,0
1198,0,0,0,0,1,1,1,1,2
1199,0,0,0,0,0,7,2,0,0
1200,0,0,0,0,0,1,2,0,0
1201,0,0,0,0,0,3,1,0,0
1202,0,0,0,0,0,1,2,0,0
1203,0,0,0,1,0,3,2,0,0
1204,0,0,0,0,0,6,0,1,0
1205,0,0,0,0,0,2,0,0,1
1206,0,0,0,0,0,0,1,0,1
1207,0,0,0,0,0,3,6,0,0
1208,0,0,0,0,0,0,2,2,1
1209,0,0,0,0,0,4,0,0,0
1210,0,0,0,0,0,3,1,1,1
1211,0,0,0,0,0,1,2,0,0
1212,0,0,0,0,0,0,4,0,1
1213,0,0,0,0,2,3,4,0,0
1214,0,0,0,0,0,1,9,0,0
1215,0,0,0,0,0,1,7,0,0
1216,0,0,0,0,0,1,2,1,1
1217,0,0,0,0,0,2,0,0,0
1218,0,0,0,0,0,2,5,0,0
1219,0,0,0,0,0,1,0,2,0
1220,0,0,0,0,0,0,6,1,0
1221,0,0,0,0,0,0,1,0,0
1222,0,0,0,0,0,0,4,1,0
1223,0,0,0,0,0,1,1,0,1
1224,0,0,0,0,0,1,4,0,0
1225,0,0,0,0,0,2,3,1,0
1226,0,0,0,0,0,0,3,0,1
1227,0,0,0,0,0,0,3,0,1
1228,0,0,0,0,0,2,3,0,0
1229,0,0,0,0,0,3,3,1,0
1230,0,0,0,0,0,1,3,0,0
1231,0,0,0,0,0,0,4,0,0
1232,0,0,0,0,0,1,5,1,1
1233,0,0,0,0,0,0,2,0,0
1234,0,0,0,0,0,0,3,0,0
1235,0,0,0,0,0,0,11,0,0
1236,0,0,0,0,0,0,1,0,0
1237,0,0,0,0,0,1,7,0,0
1238,0,0,0,0,0,1,4,0,0
1239,0,0,0,0,0,2,3,1,0
1240,0,0,0,0,0,0,1,0,0
1241,0,0,0,0,0,0,6,0,1
1242,0,0,0,0,0,1,5,0,0
1243,0,0,0,0,0,2,3,0,0
1244,0,0,0,0,0,0,3,0,0
1245,0,0,0,0,0,0,8,0,0
1246,0,0,0,0,0,0,4,0,2
1247,0,0,0,0,0,1,6,0,0
1248,0,0,0,0,0,0,8,0,0
1249,0,0,0,0,0,2,6,0,0
1250,0,0,0,0,0,1,4,0,0
1251,0,0,0,0,0,2,5,0,0
1252,0,0,0,0,0,1,1,0,1
1253,0,0,0,0,0,0,12,0,0
1254,0,0,0,0,0,0,6,0,0
1255,0,0,0,0,0,0,4,1,0
1256,0,0,0,0,0,1,1,0,0
1257,0,0,0,0,0,0,10,0,0
1258,0,0,0,0,0,0,5,0,0
1259,0,0,0,0,0,0,3,0,0
1260,0,0,0,0,0,0,6,0,1
1261,0,0,0,0,0,0,9,1,1
1262,0,0,0,0,0,3,7,0,0
1263,0,0,0,0,0,0,9,1,0
1264,0,0,0,0,0,0,10,1,0
1265,0,0,0,0,0,0,10,0,0
1266,0,0,0,0,0,0,5,0,0
1267,0,0,0,0,0,0,7,0,0
1268,0,0,0,0,0,0,8,0,0
1269,0,0,0,1,0,1,12,0,1
1270,0,0,0,0,0,0,13,0,1
1271,0,0,0,0,0,1,7,0,0
1272,0,0,0,0,0,0,11,0,0
1273,0,0,0,0,0,0,13,0,0
1274,0,0,0,0,0,1,8,0,0
1275,0,0,0,0,0,1,18,0,0
1276,0,0,0,0,0,0,7,1,0
1277,0,0,0,0,0,1,8,0,0
1278,0,0,0,0,0,0,15,1,0
1279,0,0,0,0,0,0,10,0,0
1280,0,0,0,0,0,0,13,0,0
1281,0,0,0,0,0,0,9,0,1
1282,0,0,0,0,1,1,13,0,1
1283,0,0,0,0,0,1,11,0,0
1284,0,0,0,0,0,0,16,1,0
1285,0,0,0,0,0,0,13,0,0
1286,0,0,0,0,0,0,8,0,0
1287,0,0,0,0,0,0,13,0,0
1288,0,0,0,0,0,0,9,0,1
1289,0,0,0,0,0,0,10,0,0
1290,0,0,0,0,0,0,15,0,1
1291,0,0,0,0,0,0,16,0,1
1292,0,0,0,0,0,0,18,0,0
1293,0,0,0,0,0,1,20,0,0
1294,0,0,0,0,0,0,16,0,0
1295,0,0,0,0,0,0,15,0,0
1296,0,0,0,0,0,0,11,0,0
1297,0,0,0,0,0,0,16,1,1
1298,0,0,0,0,0,0,16,0,0
1299,0,0,0,0,0,0,17,0,0
1300,0,0,0,0,0,0,10,1,0
1301,0,0,0,0,0,0,10,0,0
1302,0,0,0,0,0,0,20,0,1
1303,0,0,0,0,0,0,22,0,0
1304,0,0,0,0,0,0,22,0,1
1305,0,0,0,0,0,0,39,0,0
1306,0,0,0,0,0,0,32,0,0
1307,0,0,0,0,0,0,21,0,0
1308,0,0,0,0,0,0,17,1,0
1309,0,0,0,0,0,0,26,1,0
1310,0,0,0,0,0,0,15,1,1
1311,0,0,0,0,0,0,24,0,1
1312,0,0,0,0,0,0,13,0,0
1313,0,0,0,0,0,0,18,0,0
1314,0,0,0,0,0,0,27,0,0
1315,0,0,0,0,0,0,24,0,0
1316,0,0,1,0,0,0,22,0,0
1317,0,0,0,0,0,0,26,0,0
1318,0,0,0,0,0,0,28,1,1
1319,0,0,0,0,0,0,39,0,1
1320,0,0,0,0,0,0,27,1,0
1321,0,0,0,0,0,1,25,0,0
1322,0,0,0,0,0,0,27,0,0
1323,0,0,0,0,0,0,17,0,1
1324,0,0,0,0,0,0,27,0,0
1325,0,0,0,0,0,0,31,0,0
1326,0,0,0,0,0,0,24,0,1
1327,0,0,0,0,0,0,21,0,0
1328,0,0,0,0,0,0,20,1,0
1329,0,0,0,0,0,0,32,0,1
1330,0,0,0,0,0,0,33,0,1
1331,0,0,0,0,0,0,28,0,0
1332,0,0,0,0,0,0,27,1,0
1333,0,0,0,0,0,0,36,0,1
1334,0,0,0,0,0,0,32,0,0
1335,0,0,0,0,0,1,33,0,0
1336,0,0,0,0,0,0,33,0,0
1337,0,0,0,0,0,0,27,0,0
1338,0,0,0,0,0,0,35,0,0
1339,0,0,0,0,0,0,40,0,0
1340,0,0,0,0,0,0,37,1,1
1341,0,0,0,0,0,0,29,0,0
1342,0,0,0,0,0,0,33,0,0
1343,0,0,0,0,0,0,29,0,0
1344,0,0,0,0,0,0,27,1,1
1345,0,0,0,0,0,0,38,0,0
1346,0,0,0,0,0,0,38,0,0
1347,0,0,0,0,0,0,36,0,0
1348,0,0,0,0,0,0,33,0,0
1349,0,0,0,0,0,0,30,0,0
1350,0,0,0,0,0,0,41,0,1
1351,0,0,0,0,0,0,32,0,0
1352,0,0,0,0,0,0,41,0,2
1353,0,0,0,0,0,0,30,0,0
1354,0,0,0,0,0,1,35,0,0
1355,0,0,0,0,0,0,38,0,0
1356,0,0,0,0,0,0,37,0,1
1357,0,0,0,0,0,0,39,0,1
1358,0,0,0,0,0,0,36,0,0
1359,0,0,0,0,0,0,43,1,0
1360,0,0,0,0,0,1,45,0,0
1361,0,0,0,0,0,0,44,0,0
1362,0,0,0,0,0,0,54,1,2
1363,0,0,0,0,0,0,44,0,0
1364,0,0,0,0,0,0,37,1,0
1365,0,0,0,0,0,0,35,0,1
1366,0,0,0,0,0,0,52,0,0
1367,0,0,0,0,0,0,52,0,0
1368,0,0,0,0,0,0,47,0,0
1369,0,0,0,0,0,0,47,0,0
1370,0,0,0,0,0,0,36,0,0
1371,0,0,0,0,0,0,53,0,0
1372,0,0,0,0,0,0,39,0,0
1373,0,0,0,0,0,0,50,0,1
1374,0,0,0,0,0,0,44,0,0
1375,0,0,0,0,0,0,40,1,1
1376,0,0,0,0,0,0,58,0,1
1377,0,0,0,0,0,0,45,0,0
1378,0,0,0,0,0,0,35,1,1
1379,0,0,0,0,0,0,37,2,0
1380,0,0,0,0,0,0,54,0,0
1381,0,0,0,0,0,0,44,0,0
1382,0,0,0,0,0,0,50,0,0
1383,0,0,0,0,0,0,53,0,0
1384,0,0,0,0,0,0,48,0,0
1385,0,0,0,0,0,0,52,0,0
1386,0,0,0,0,0,0,47,0,0
1387,0,0,0,0,0,0,47,1,1
1388,0,0,0,0,0,0,56,0,1
1389,0,0,0,0,0,0,44,1,0
1390,0,0,0,0,0,0,47,2,0
1391,0,0,0,0,0,0,53,2,3
1392,0,0,0,0,0,0,39,0,0
1393,0,0,0,0,0,0,46,1,0
1394,0,0,0,0,0,0,57,0,0
1395,0,0,0,0,0,0,43,0,0
1396,0,0,0,0,0,0,53,1,0
1397,0,0,0,0,0,0,38,1,0
1398,0,0,0,0,0,0,45,1,1
1399,0,0,0,0,0,0,39,1,0
1400,0,0,0,0,0,0,44,0,1
1401,0,0,0,0,0,0,54,1,0
1402,0,0,0,0,0,0,64,0,0
1403,0,0,0,0,0,0,47,0,0
1404,0,0,0,0,0,0,61,0,0
1405,0,0,0,0,0,0,45,1,1
1406,0,0,0,0,0,0,40,1,1
1407,0,0,0,0,0,0,48,0,1
1408,0,0,0,0,0,0,39,0,2
1409,0,0,0,0,0,0,50,0,0
1410,0,0,0,0,0,0,50,1,0
1411,0,0,0,0,0,0,43,1,0
1412,0,0,0,0,0,0,53,0,0
1413,0,0,0,0,0,0,34,0,0
1414,0,0,0,0,0,0,48,0,1
1415,0,0,0,0,0,0,29,0,0
1416,0,0,0,0,0,0,41,0,0
1417,0,0,0,0,0,0,59,0,1
1418,0,0,0,0,0,0,37,1,0
1419,0,0,0,0,0,0,45,0,1
1420,0,0,0,0,0,0,48,0,1
1421,0,0,0,0,0,0,45,0,0
1422,0,0,0,0,1,0,40,0,0
1423,0,0,0,0,0,0,36,0,0
1424,0,0,0,0,0,0,49,0,0
1425,0,0,0,0,0,0,50,0,0
1426,0,0,0,0,0,0,32,0,0
1427,0,0,0,0,0,0,35,0,0
1428,0,0,0,0,0,0,42,1,1
1429,0,0,0,0,0,0,38,0,3
1430,0,0,0,0,1,0,50,0,0
1431,0,0,0,0,0,0,38,0,1
1432,0,0,0,0,0,0,52,0,0
1433,0,0,0,0,0,0,39,0,0
1434,0,0,0,0,0,0,47,1,0
1435,0,0,0,0,0,0,48,0,1
1436,0,0,0,0,0,0,32,0,0
1437,0,0,0,0,0,0,34,1,0
1438,0,0,0,0,0,0,28,0,0
1439,0,0,0,0,0,0,38,1,1
1440,0,0,0,0,0,0,26,0,0
1441,0,0,0,0,0,0,45,0,1
1442,0,0,0,0,0,0,35,1,1
1443,0,0,0,0,0,0,39,0,1
1444,0,0,0,0,1,0,42,1,4
1445,0,0,0,0,0,0,32,0,0
1446,0,0,0,0,0,0,43,0,2
1447,0,0,0,0,0,0,37,2,0
1448,0,0,0,0,0,0,36,0,1
1449,0,0,0,0,0,0,25,1,0
1450,0,0,0,0,0,0,38,0,0
1451,0,0,0,0,0,0,31,1,1
1452,0,0,0,0,0,0,31,1,0
1453,0,0,0,0,0,0,37,0,0
1454,0,0,0,0,0,0,28,1,0
1455,0,0,0,0,0,0,38,0,0
1456,0,0,0,0,0,0,33,0,0
1457,0,0,0,0,0,0,46,0,1
1458,0,0,0,0,0,0,45,0,1
1459,0,0,0,0,0,0,31,1,0
1460,0,0,0,0,0,0,27,1,0
1461,0,0,0,0,0,0,34,0,0
1462,0,0,0,0,0,0,31,0,0
1463,0,0,0,0,0,0,33,1,0
1464,0,0,0,0,0,0,28,1,0
1465,0,0,0,0,0,0,33,0,0
1466,0,0,0,0,0,0,20,0,0
1467,0,0,0,0,0,0,29,0,0
1468,0,0,0,0,0,0,30,0,0
1469,0,0,0,0,0,0,24,0,2
1470,0,0,0,0,0,0,19,0,0
1471,0,0,0,0,0,0,23,0,0
1472,0,0,0,0,0,0,35,1,0
1473,0,0,0,0,0,0,23,1,1
1474,0,0,0,0,0,0,29,0,0
1475,0,0,0,0,0,0,23,0,0
1476,0,0,0,0,0,0,25,0,1
1477,0,0,0,0,0,0,23,0,0
1478,0,0,0,0,0,0,27,1,0
1479,0,0,0,0,0,1,16,0,0
1480,0,0,0,0,0,0,17,1,0
1481,0,0,0,0,1,0,16,0,0
1482,0,0,0,0,0,0,24,1,1
1483,0,0,0,0,0,0,27,0,0
1484,0,0,0,0,0,0,22,1,1
1485,0,0,0,0,0,0,17,0,1
1486,0,0,0,0,0,0,24,0,1
1487,0,0,0,0,0,0,17,0,0
1488,0,0,0,0,0,0,23,0,0
1489,0,0,0,0,0,0,15,0,0
1490,0,0,0,0,0,0,26,0,0
1491,0,0,0,0,0,0,17,0,0
1492,0,0,0,0,1,0,26,3,0
1493,0,0,0,0,0,0,11,1,0
1494,0,0,0,0,0,0,12,2,0
1495,0,0,0,0,0,0,23,2,0
1496,0,0,0,0,0,0,24,1,0
1497,0,0,0,0,0,0,27,0,0
1498,0,0,0,0,0,0,25,0,2
1499,0,0,0,0,0,0,10,0,0
1500,0,0,0,0,0,0,12,0,0
1501,0,0,0,0,0,0,14,0,0
1502,0,0,0,0,0,0,17,1,0
1503,0,0,0,0,0,0,13,1,1
1504,0,0,0,0,0,0,11,1,1
1505,0,0,0,0,0,0,12,0,0
1506,0,0,0,1,0,0,5,1,0
1507,0,0,0,0,0,0,13,1,0
1508,0,0,0,0,0,0,12,0,0
1509,0,0,0,0,0,0,14,1,1
1510,0,0,0,0,0,0,13,1,2
1511,0,0,0,0,0,0,8,1,0
1512,0,0,0,0,0,0,14,0,1
1513,0,0,0,0,0,0,10,1,0
1514,0,0,0,0,0,0,15,1,1
1515,0,0,0,0,0,0,13,1,0
1516,0,0,0,0,0,0,3,1,0
1517,0,0,0,0,0,0,10,3,0
1518,0,0,0,0,0,0,5,1,0
1519,0,0,0,0,0,0,11,1,0
1520,0,0,0,0,0,0,10,0,0
1521,0,0,0,0,0,0,8,1,0
1522,0,0,0,0,0,0,7,1,0
1523,0,0,0,0,0,0,9,0,1
1524,0,0,0,0,0,0,16,0,1
1525,0,0,0,0,0,0,10,1,0
1526,0,0,0,0,0,0,5,1,0
1527,0,0,0,0,0,0,13,2,0
1528,0,0,0,0,0,0,5,1,1
1529,0,0,0,0,0,0,5,2,0
1530,0,0,0,0,0,0,7,2,2
1531,0,0,0,0,0,1,5,0,0
1532,0,0,0,0,0,0,9,1,1
1533,0,0,0,0,0,0,11,2,0
1534,0,0,0,0,0,0,7,0,0
1535,0,0,0,0,0,0,8,0,0
1536,0,0,0,0,0,0,6,0,0
1537,0,0,0,0,0,0,6,3,2
1538,0,0,0,0,0,0,7,0,0
1539,0,0,0,0,0,0,4,1,2
1540,0,0,0,0,0,0,8,0,0
1541,0,0,0,0,0,0,11,3,1
1542,0,0,0,0,0,0,7,3,1
1543,0,0,0,0,0,0,5,0,1
1544,0,0,0,0,0,0,5,1,1
1545,0,0,0,0,0,0,4,0,0
1546,0,0,0,0,0,0,2,0,0
1547,0,0,0,0,0,0,3,0,0
1548,0,0,0,0,0,0,10,0,2
1549,0,0,0,0,0,0,2,1,0
1550,0,0,0,0,0,0,5,1,0
1551,0,0,0,0,0,0,9,3,1
1552,0,0,0,0,0,0,2,2,2
1553,0,0,0,0,0,0,1,2,0
1554,0,0,0,0,0,0,6,0,1
1555,0,0,0,0,0,0,0,0,0
1556,0,0,0,0,0,0,2,1,0
1557,0,0,0,0,0,0,4,0,1
1558,0,0,0,0,0,0,2,4,0
1559,0,0,0,0,0,0,0,1,1
1560,0,0,0,0,0,0,1,3,1
1561,0,0,0,0,0,0,2,2,0
1562,0,0,0,0,0,0,3,2,0
1563,0,0,0,0,0,0,4,2,2
1564,0,0,0,0,0,0,4,2,0
1565,0,0,0,0,0,0,4,1,0
1566,0,0,0,0,0,0,1,1,0
1567,0,0,0,0,0,0,2,2,0
1568,0,0,0,0,0,0,0,3,2
1569,0,0,0,0,0,0,5,0,0
1570,0,0,0,0,1,0,1,0,1
1571,0,0,0,0,0,0,2,0,0
1572,0,0,0,0,0,0,2,3,0
1573,0,0,0,0,0,0,2,0,1
1574,0,0,0,0,0,0,1,5,0
1575,0,0,0,0,0,0,4,6,0
1576,0,0,0,0,0,0,2,3,2
1577,0,0,0,0,0,0,3,1,0
1578,0,0,0,0,0,0,3,1,0
1579,0,0,0,0,0,0,3,3,0
1580,0,0,0,0,0,0,1,3,0
1581,0,0,0,0,0,0,0,4,0
1582,0,0,0,0,0,0,3,2,0
1583,0,0,0,0,0,0,1,3,2
1584,0,0,0,0,0,0,1,2,2
1585,0,0,0,0,0,0,1,5,0
1586,0,0,0,0,0,0,0,4,4
1587,0,0,0,0,0,0,2,3,1
1588,0,0,0,0,0,0,1,3,1
1589,0,0,0,0,0,0,2,5,3
1590,0,0,0,0,0,0,0,3,0
1591,0,0,0,0,0,0,5,1,0
1592,0,0,0,0,0,0,0,7,1
1593,0,0,0,0,0,0,2,8,3
1594,0,0,0,0,0,0,2,3,2
1595,0,0,0,0,0,0,1,3,0
1596,0,0,0,0,0,0,1,4,4
1597,0,0,0,0,0,0,1,7,1
1598,0,0,0,0,0,0,2,6,1
1599,0,0,0,0,0,0,1,9,1
1600,0,0,0,0,0,0,0,7,2
1601,0,0,0,0,0,0,0,5,2
1602,0,0,0,0,0,0,0,3,1
1603,0,0,0,0,0,0,1,7,2
1604,0,0,0,0,0,0,0,8,1
1605,0,0,0,0,0,0,1,5,3
1606,0,0,0,0,0,0,1,0,0
1607,0,0,0,0,0,0,1,8,1
1608,0,0,0,0,0,0,0,3,1
1609,0,0,0,0,0,0,0,8,1
1610,0,0,0,0,0,0,0,7,1
1611,0,0,0,0,0,0,0,6,2
1612,0,0,0,0,0,0,0,6,1
1613,0,0,0,0,0,0,0,6,5
1614,0,0,0,0,0,0,0,8,1
1615,0,0,0,0,0,0,0,6,3
1616,0,0,0,0,0,0,1,13,2
1617,0,0,0,0,0,0,0,6,0
1618,0,0,0,0,0,0,0,4,1
1619,0,0,0,0,0,0,1,6,4
1620,0,0,0,0,0,0,0,3,1
1621,0,0,0,0,0,0,0,12,2
1622,0,0,0,0,0,0,0,6,0
1623,0,0,0,0,0,0,2,4,0
1624,0,0,0,0,0,0,0,11,1
1625,0,0,0,0,0,0,0,11,0
1626,0,0,0,0,0,0,0,10,1
1627,0,0,0,0,0,0,0,10,1
1628,0,0,0,0,0,0,0,8,2
1629,0,0,0,0,0,0,0,11,5
1630,0,0,0,0,0,0,0,13,1
1631,0,0,0,0,0,0,0,14,5
1632,0,0,0,0,0,0,0,20,1
1633,0,0,0,0,0,0,0,20,3
1634,0,0,0,0,0,0,1,16,2
1635,0,0,0,0,0,0,0,9,1
1636,0,0,0,0,0,0,1,11,1
1637,0,0,0,0,0,0,0,13,1
1638,0,0,0,0,0,0,0,12,0
1639,0,0,0,0,0,0,0,16,6
1640,0,0,0,0,0,0,0,18,2
1641,0,0,0,0,0,0,0,19,1
1642,0,0,0,0,0,0,0,16,1
1643,0,0,0,0,0,0,0,12,2
1644,0,0,0,0,0,0,0,18,4
1645,0,0,0,0,0,0,0,15,4
1646,0,0,0,0,0,0,0,18,2
1647,0,0,0,0,0,0,0,17,5
1648,0,0,0,0,0,0,1,17,2
1649,0,0,0,0,0,0,0,17,8
1650,0,0,0,0,0,0,0,17,3
1651,0,0,0,0,0,0,0,16,4
1652,0,0,0,0,0,0,0,14,2
1653,0,0,0,0,0,0,0,17,4
1654,0,0,0,0,0,0,0,20,3
1655,0,0,0,0,0,0,0,20,3
1656,0,0,0,0,0,0,1,27,4
1657,0,0,0,0,0,0,0,9,4
1658,0,0,0,0,0,0,0,26,5
1659,0,0,0,0,0,0,1,26,3
1660,0,0,0,0,0,0,0,29,5
1661,0,0,0,0,0,0,0,28,6
1662,0,0,0,0,0,0,0,21,6
1663,0,0,0,0,0,0,0,26,4
1664,0,0,0,0,0,0,0,36,2
1665,0,0,0,0,0,0,0,19,5
1666,0,0,0,0,0,0,0,36,5
1667,0,0,0,0,0,0,0,24,5
1668,0,0,0,0,0,0,0,28,3
1669,0,0,0,0,0,0,0,23,5
1670,0,0,0,0,0,0,0,29,4
1671,0,0,0,0,0,0,0,30,1
1672,0,0,0,0,0,0,0,21,5
1673,0,0,0,0,0,0,1,30,8
1674,0,0,0,0,0,0,0,31,9
1675,0,0,0,0,0,0,0,27,10
1676,0,0,0,0,0,0,0,29,7
1677,0,0,0,0,0,0,0,23,7
1678,0,0,0,0,0,0,0,36,8
1679,0,0,0,0,0,0,0,37,3
1680,0,0,0,0,0,0,0,27,11
1681,0,0,0,0,0,0,0,27,2
1682,0,0,0,0,0,0,0,28,8
1683,0,0,0,0,0,0,0,37,7
1684,0,0,0,0,0,0,0,44,5
1685,0,0,0,0,0,0,0,39,13
1686,0,0,0,0,0,0,0,43,15
1687,0,0,0,0,0,0,0,37,8
1688,0,0,0,0,0,0,0,35,12
1689,0,0,0,0,0,0,0,30,10
1690,0,0,0,0,0,0,1,44,7
1691,0,0,0,0,0,0,0,29,9
1692,0,0,0,0,0,0,0,42,7
1693,0,0,0,0,0,0,1,38,7
1694,0,0,0,0,0,0,0,47,14
1695,0,0,0,0,0,0,0,45,11
1696,0,0,0,0,0,0,0,37,14
1697,0,0,0,0,0,0,0,49,10
1698,0,0,0,0,0,0,0,62,18
1699,0,0,0,0,0,0,0,35,15
1700,0,0,0,0,0,0,0,50,7
1701,0,0,0,0,0,0,0,48,9
1702,0,0,0,0,0,0,0,42,15
1703,0,0,0,0,0,0,0,43,12
1704,0,0,0,0,0,0,0,48,20
1705,0,0,0,0,0,0,0,45,18
1706,0,0,0,0,0,0,0,45,17
1707,0,0,0,0,0,1,0,48,17
1708,0,0,0,0,0,0,0,54,12
1709,0,0,0,0,0,0,0,52,9
1710,0,0,0,0,0,0,0,37,10
1711,0,0,0,0,0,0,0,53,30
1712,0,0,0,0,0,0,0,37,14
1713,0,0,0,0,0,0,0,53,20
1714,0,0,0,0,1,0,0,53,17
1715,0,0,0,0,0,0,0,58,11
1716,0,0,0,0,0,0,0,45,16
1717,0,0,0,0,0,0,0,50,20
1718,0,0,0,0,0,0,0,51,25
1719,0,0,0,0,0,0,0,43,18
1720,0,0,0,0,0,0,0,52,15
1721,0,0,0,0,0,0,0,60,23
1722,0,0,0,0,0,0,0,58,21
1723,0,0,0,0,0,0,0,62,17
1724,0,0,0,0,0,0,0,61,22
1725,0,0,0,0,0,0,0,50,24
1726,0,0,0,0,0,0,0,38,26
1727,0,0,0,0,0,0,0,61,23
1728,0,0,0,0,0,0,0,60,17
1729,0,0,0,0,0,0,0,61,17
1730,0,0,0,0,0,0,0,63,30
1731,0,0,0,0,0,0,0,56,29
1732,0,0,0,0,0,0,0,44,29
1733,0,0,0,0,0,0,0,62,15
1734,0,0,0,0,0,0,0,58,29
1735,0,0,0,0,0,0,0,59,30
1736,0,0,0,0,0,0,0,62,26
1737,0,0,0,0,0,0,0,63,20
1738,0,0,0,0,0,0,0,55,40
1739,0,0,0,0,0,0,0,37,27
1740,0,0,0,0,0,0,0,53,26
1741,0,0,0,0,0,0,0,60,29
1742,0,0,0,0,0,0,0,67,45
1743,0,0,0,0,0,0,0,75,30
1744,0,0,0,0,0,0,0,62,44
1745,0,0,0,0,0,0,0,62,28
1746,0,0,0,0,0,0,0,53,28
1747,0,0,0,0,0,0,0,74,38
1748,0,0,0,0,0,1,0,54,51
1749,0,0,0,0,0,0,0,51,37
1750,0,0,0,0,0,0,0,69,49
1751,0,0,0,0,0,0,0,51,41
1752,0,0,0,0,0,0,0,60,39
1753,0,0,0,0,0,0,0,44,45
1754,0,0,0,0,0,0,0,56,39
1755,0,0,0,0,0,0,0,46,39
1756,0,0,0,0,0,0,0,50,34
1757,0,0,0,0,0,0,0,49,45
1758,0,0,0,0,0,0,0,47,40
1759,0,0,0,0,0,0,0,46,47
1760,0,0,0,0,0,0,0,59,54
1761,0,0,0,0,0,0,0,57,43
1762,0,0,0,0,0,0,0,53,46
1763,0,0,0,0,0,0,0,64,40
1764,0,0,0,0,0,0,0,52,50
1765,0,0,0,0,0,0,0,57,41
1766,0,0,0,0,0,0,0,56,57
1767,0,0,0,0,0,0,0,49,63
1768,0,0,0,0,0,0,1,55,50
1769,0,0,0,0,0,0,0,49,56
1770,0,0,0,0,0,0,0,43,40
1771,0,0,0,0,0,0,0,40,45
1772,0,0,0,0,0,0,0,40,54
1773,0,0,0,0,0,0,0,42,59
1774,0,0,0,0,0,0,0,49,34
1775,0,0,0,0,0,0,0,57,55
1776,1,0,0,0,0,0,0,38,50
1777,0,0,0,0,0,0,0,55,49
1778,0,0,0,0,0,0,0,36,53
1779,0,0,0,0,0,0,0,46,60
1780,0,0,0,0,0,0,0,48,51
1781,0,0,0,0,0,0,0,30,65
1782,0,0,0,0,0,0,0,48,50
1783,0,0,0,0,0,0,0,52,56
1784,0,0,0,0,0,0,0,36,59
1785,0,0,0,0,0,0,0,49,60
1786,0,0,0,0,0,0,0,31,51
1787,0,0,0,0,0,0,0,50,48
1788,0,0,0,0,0,0,0,41,66
1789,0,0,0,0,0,0,0,31,60
1790,0,0,0,0,0,0,0,26,71
1791,0,0,0,0,0,0,0,41,60
1792,0,0,0,0,0,0,0,43,62
1793,0,0,0,0,0,0,0,35,62
1794,0,0,0,0,0,0,0,32,59
1795,0,0,0,0,0,0,0,25,57
1796,0,0,0,0,0,0,0,43,50
1797,0,0,0,0,0,0,0,40,54
1798,0,0,0,0,0,0,0,35,60
1799,0,0,0,0,0,0,0,33,58
1800,0,0,0,0,0,0,0,25,38
1801,0,0,0,0,0,0,0,31,55
1802,0,0,0,0,0,0,0,34,49
1803,0,0,0,0,0,0,0,42,60
1804,0,0,0,0,0,0,0,30,71
1805,0,0,0,0,0,0,0,20,39
1806,0,0,0,0,0,0,0,26,66
1807,0,0,0,0,0,0,0,27,57
1808,0,0,0,0,0,0,0,25,58
1809,0,0,0,0,0,0,0,41,62
1810,0,0,0,0,0,0,0,29,52
1811,0,0,0,0,0,0,1,21,58
1812,0,0,0,0,0,0,0,18,64
1813,0,0,0,0,0,0,0,24,51
1814,0,0,0,0,0,0,0,29,52
1815,0,0,0,0,0,0,0,26,47
1816,0,0,0,0,0,0,0,19,49
1817,0,0,0,0,0,0,0,39,58
1818,0,0,0,0,0,0,0,18,53
1819,0,0,0,0,0,0,0,22,52
1820,0,0,0,0,0,0,0,19,63
1821,0,0,0,0,0,0,0,18,50
1822,0,0,0,0,0,0,0,15,61
1823,0,0,0,0,0,0,0,14,54
1824,0,0,0,0,0,0,0,18,59
1825,0,0,0,0,0,0,0,16,69
1826,0,0,0,0,0,0,0,15,56
1827,0,0,0,0,0,0,0,20,45
1828,0,0,0,0,0,0,0,16,53
1829,0,0,0,0,0,0,0,14,45
1830,0,0,0,0,0,0,0,12,35
1831,0,0,0,0,0,0,0,24,54
1832,0,0,0,0,0,0,0,16,61
1833,0,0,0,0,0,1,0,12,52
1834,0,0,0,0,0,0,0,23,52
1835,0,0,0,0,0,0,0,15,59
1836,0,0,0,0,0,0,0,10,46
1837,0,0,0,0,0,0,0,20,55
1838,0,0,0,0,0,0,0,13,43
1839,0,0,0,0,0,0,0,19,47
1840,0,0,0,0,0,0,0,8,57
1841,0,0,0,0,0,0,0,19,52
1842,0,0,0,0,0,0,0,9,39
1843,0,0,0,0,0,0,0,14,52
1844,0,0,0,0,0,0,0,11,37
1845,0,0,0,0,0,0,0,9,45
1846,0,0,0,0,0,0,0,6,44
1847,0,0,0,0,0,0,0,7,47
1848,0,0,0,0,0,0,0,7,37
1849,0,0,0,0,0,0,0,10,43
1850,0,0,0,0,0,0,0,10,51
1851,0,0,0,0,0,0,0,10,48
1852,0,0,0,0,0,0,0,3,38
1853,0,0,0,0,0,0,0,10,49
1854,0,0,0,0,0,0,0,9,41
1855,0,0,0,0,0,0,0,9,36
1856,0,0,0,0,0,0,0,10,38
1857,0,0,0,0,0,0,0,5,22
1858,0,0,0,0,0,0,0,5,34
1859,0,0,0,0,1,0,0,6,45
1860,0,0,0,0,0,0,0,5,43
1861,0,0,0,0,0,0,0,4,25
1862,0,0,0,0,0,0,0,6,29
1863,0,0,0,0,0,0,0,5,51
1864,0,0,0,0,0,0,0,10,38
1865,0,0,0,0,0,0,0,9,39
1866,0,0,0,0,0,0,0,5,36
1867,0,0,0,0,0,0,0,4,38
1868,0,0,0,0,0,0,0,4,30
1869,0,0,0,0,0,0,0,6,35
1870,0,0,0,0,0,0,0,6,19
1871,0,0,0,0,0,0,0,3,35
1872,0,0,0,0,0,0,0,2,21
1873,0,0,0,0,0,0,0,4,32
1874,0,0,0,0,0,0,0,4,27
1875,0,0,0,0,0,0,0,4,21
1876,0,0,0,0,0,0,0,0,33
1877,0,0,0,0,0,0,0,5,20
1878,0,1,0,0,0,0,0,3,21
1879,0,0,0,0,0,0,0,2,22
1880,0,0,0,0,0,0,0,0,14
1881,0,0,0,0,0,0,0,2,28
1882,0,0,0,0,0,0,0,3,32
1883,0,0,0,0,0,0,0,3,21
1884,0,0,0,0,0,0,0,6,28
1885,0,0,0,0,0,0,0,1,28
1886,0,0,0,0,0,0,0,3,22
1887,0,0,0,0,0,0,0,1,14
1888,0,0,0,0,0,0,0,2,14
1889,0,0,0,0,0,0,0,3,18
1890,0,0,0,0,0,0,0,4,15
1891,0,0,0,0,0,0,0,2,13
1892,0,0,0,0,0,0,0,0,15
1893,0,0,0,0,0,0,0,0,22
1894,0,0,0,0,0,0,0,0,23
1895,0,0,0,0,0,0,0,1,12
1896,0,0,0,0,0,0,0,3,13
1897,0,0,0,0,0,0,0,1,22
1898,0,0,0,1,0,0,0,1,19
1899,0,0,0,0,0,0,0,1,14
1900,0,0,0,0,0,1,0,2,14
1901,0,0,0,0,0,0,0,4,14
1902,0,0,0,0,0,0,0,2,11
1903,0,0,0,0,0,0,0,0,18
1904,0,0,0,0,0,0,0,5,12
1905,0,0,0,0,0,0,0,3,9
1906,0,0,0,0,0,0,0,1,11
1907,0,0,0,0,0,0,0,1,15
1908,0,0,0,0,0,0,0,1,11
1909,0,0,0,0,0,0,0,0,10
1910,0,0,0,0,0,0,0,2,17
1911,0,0,0,0,0,0,0,1,6
1912,0,0,0,0,0,0,0,0,8
1913,0,0,0,0,0,0,0,1,7
1914,0,0,0,0,0,0,0,2,10
1915,0,0,0,0,0,0,0,0,6
1916,0,0,0,0,0,0,0,1,5
1917,0,0,0,0,0,0,0,0,3
1918,0,0,0,0,0,0,0,0,8
1919,0,0,0,0,0,0,0,0,11
1920,0,0,0,0,0,0,0,1,9
1921,0,0,0,0,0,0,0,1,6
1922,0,0,0,0,0,0,0,1,7
1923,0,0,0,0,0,0,0,0,1
1924,0,0,0,0,0,0,0,0,7
1925,0,0,0,0,0,0,0,0,6
1926,0,0,0,0,0,0,0,0,10
1927,0,0,0,0,0,0,0,0,3
1928,0,0,0,0,0,0,0,1,3
1929,0,0,0,0,0,0,0,1,4
1930,0,0,0,0,0,0,0,0,8
1931,0,0,0,0,0,0,0,0,4
1932,0,0,0,0,0,0,0,1,7
1933,0,0,0,0,0,0,0,0,3
1934,0,0,0,0,0,0,0,0,8
1935,0,0,0,0,0,0,0,0,2
1936,0,0,0,0,0,0,0,0,4
1937,0,0,0,0,0,1,0,0,1
1938,0,0,0,0,0,0,0,0,2
1939,0,0,0,0,0,0,0,1,1
1940,0,0,0,0,0,0,0,0,3
1941,0,0,0,0,0,0,0,0,5
1942,0,0,0,0,0,0,0,0,3
1943,0,0,0,0,0,0,0,0,5
1944,0,0,0,0,0,0,0,0,2
1945,0,0,0,0,0,0,0,0,1
1946,0,0,0,0,0,0,0,0,3
1947,0,0,0,0,0,0,0,0,4
1948,0,0,0,0,0,0,0,0,5
1949,0,0,0,0,0,0,0,0,3
1950,0,0,0,0,0,0,0,0,2
1951,0,0,0,0,0,0,0,0,3
1952,0,0,0,0,0,0,0,0,4
1953,0,0,0,0,0,0,0,0,1
1954,0,0,0,0,0,0,0,0,3
1955,0,0,0,0,0,0,0,0,5
1956,0,0,0,0,0,0,0,0,1
1957,0,0,0,0,0,0,0,0,0
1958,0,0,0,0,0,0,0,0,2
1959,0,0,0,0,0,0,0,1,1
1960,0,0,0,0,0,0,0,0,2
1961,0,0,0,0,0,0,0,0,4
1962,0,0,0,0,0,0,0,0,4
1963,0,0,0,0,0,0,0,0,2
1964,0,0,0,0,0,0,0,0,2
1965,0,0,0,0,0,0,0,0,3
1966,0,0,0,0,0,0,0,0,0
1967,0,0,0,0,0,0,0,0,3
1968,0,0,0,0,0,0,0,0,2
1969,0,0,0,0,0,0,0,0,0
1970,0,0,0,0,0,0,0,0,0
1971,0,0,0,0,0,0,0,0,2
1972,0,0,0,0,0,0,0,0,0
1973,0,0,0,0,0,0,0,0,0
1974,0,0,0,0,0,0,0,0,2
1975,0,0,0,0,0,0,0,0,2
1976,0,0,0,0,0,0,0,0,0
1977,0,0,0,0,0,0,0,0,0
1978,0,0,0,0,0,0,0,1,1
1979,0,0,0,0,0,0,0,0,0
1980,0,0,0,0,0,0,0,1,1
1981,0,0,0,0,0,0,0,0,1
1982,0,0,0,0,0,0,0,0,1
1983,0,0,0,0,0,0,0,0,0
1984,0,0,0,0,0,0,0,0,0
1985,0,0,0,0,0,0,0,0,0
1986,0,0,0,0,0,0,0,0,0
1987,0,0,0,0,0,0,0,0,0
1988,0,0,0,0,0,0,0,0,0
1989,0,0,0,0,0,0,0,0,0
1990,0,0,0,0,0,0,0,0,0
1991,0,0,0,0,0,0,0,0,1
1992,0,0,0,0,0,0,0,0,0
1993,0,0,0,0,0,0,0,0,1
1994,0,0,0,0,0,0,0,0,0
1995,0,0,0,0,0,0,0,0,2
1996,0,0,0,0,0,0,0,0,0
1997,0,0,0,0,0,0,0,0,0
1998,0,0,0,0,0,0,0,0,0
1999,0,0,0,0,0,0,0,0,0
2000,0,0,0,0,0,0,0,0,0
2001,0,0,0,0,0,0,0,0,1
2002,0,0,0,0,0,0,0,0,1
2003,0,0,0,0,0,0,0,0,0
2004,0,0,0,0,0,0,0,0,0
2005,0,0,0,0,0,0,0,0,1
2006,0,0,0,0,0,0,0,0,0
2007,0,0,0,0,0,0,0,0,0
2008,0,0,0,0,0,0,0,0,0
2009,0,0,0,0,0,0,0,0,0
2010,0,0,0,0,0,0,0,0,0
2011,0,0,0,0,0,0,0,0,0
2012,0,0,0,0,0,0,0,0,0
2013,0,0,0,0,0,0,0,0,0
2014,0,0,0,0,0,0,0,0,1
2015,0,0,0,0,0,0,0,0,1
2016,0,0,0,0,0,0,0,0,0
2017,0,0,0,0,0,0,0,0,0
2018,0,0,0,0,0,0,0,0,0
2019,0,0,0,0,0,0,0,0,1
2020,0,0,0,0,0,0,0,0,1
2021,0,0,0,0,0,0,0,0,0
2022,0,0,0,0,0,0,0,0,0
2023,0,0,0,0,0,0,0,0,1
2024,0,0,0,0,0,0,0,0,0
2025,0,0,0,0,0,0,0,0,0
2026,0,0,0,0,0,0,0,0,0
2027,0,0,0,0,0,0,0,0,0
2028,0,0,0,0,0,0,0,0,0
2029,0,0,0,0,0,0,0,0,1
2030,0,0,0,0,0,0,0,0,0
2031,0,0,0,0,0,0,0,0,0
2032,0,0,0,0,0,0,0,0,1
2033,0,0,0,0,0,0,0,0,0
2034,0,0,0,0,0,0,0,0,0
2035,0,0,0,0,0,0,0,0,0
2036,0,0,0,0,0,0,0,0,0
2037,0,0,0,0,0,0,0,0,0
2038,0,0,0,0,0,0,0,0,0
2039,0,0,0,0,0,0,0,0,1
2040,0,0,0,0,0,0,0,0,0
2041,0,0,0,0,0,0,0,0,0
2042,0,0,0,0,0,0,0,0,1
2043,0,0,0,0,0,0,0,0,0
2044,0,0,0,0,0,0,0,0,0
2045,0,0,0,0,0,0,0,0,0
2046,0,0,0,0,0,0,0,0,0
2047,0,0,0,0,0,0,0,0,0
