Time,Integral 1200,Integral 7400,
1.52816e+09,98275,162316
1.52816e+09,39559,64554
1.52816e+09,66128,110518
1.52816e+09,42851,70422
1.52816e+09,41299,69430
1.52816e+09,63774,106286
1.52816e+09,72079,119503
1.52816e+09,51264,85716
1.52816e+09,47334,78477
1.52816e+09,42100,70346
1.52816e+09,53462,81116
1.52816e+09,36762,60183
1.52816e+09,149853,250607
1.52816e+09,51719,85423
1.52816e+09,68427,113412
1.52816e+09,48255,79100
1.52816e+09,50899,84746
1.52816e+09,228487,382596
1.52816e+09,121740,203899
1.52816e+09,76378,128782
1.52816e+09,99605,162682
1.52816e+09,35946,59580
1.52816e+09,42531,69754
1.52816e+09,52353,87469
1.52816e+09,35925,59372
1.52816e+09,38109,63073
1.52816e+09,59424,98696
1.52816e+09,66075,110195
1.52816e+09,44731,73896
1.52816e+09,42393,71490
1.52816e+09,34641,56787
1.52816e+09,149932,252563
1.52816e+09,35750,58074
1.52816e+09,39804,66122
1.52816e+09,90569,150694
1.52816e+09,48813,81270
1.52816e+09,40181,66354
1.52816e+09,44763,73718
1.52816e+09,57334,94431
1.52816e+09,39283,65864
1.52816e+09,38956,64559
1.52816e+09,39734,66126
1.52816e+09,43267,71956
1.52816e+09,40444,65922
1.52816e+09,91392,153197
1.52816e+09,36496,60463
1.52816e+09,39651,63505
1.52816e+09,36243,60515
1.52816e+09,38623,62664
1.52816e+09,65221,109026
1.52816e+09,49167,81310
1.52816e+09,45190,74822
1.52816e+09,41300,68576
1.52816e+09,263475,439556
1.52816e+09,37781,83043
1.52816e+09,93498,154189
1.52816e+09,57529,95962
1.52816e+09,38714,63698
1.52816e+09,47512,78893
1.52816e+09,64851,108966
1.52816e+09,42007,69798
1.52816e+09,37810,60676
1.52816e+09,60388,100065
1.52816e+09,58911,98160
1.52816e+09,53662,88546
1.52816e+09,68194,112864
1.52816e+09,38979,60749
1.52816e+09,42627,69973
1.52816e+09,90482,151313
1.52816e+09,275083,460174
1.52816e+09,37901,62315
1.52816e+09,66440,109287
1.52816e+09,89643,151572
1.52816e+09,47544,103371
1.52816e+09,51230,85318
1.52816e+09,46240,76250
1.52816e+09,69218,115230
1.52816e+09,39743,65060
1.52816e+09,290120,483059
1.52816e+09,45010,69576
1.52816e+09,44310,72852
1.52816e+09,36665,59593
1.52816e+09,500647,835276
1.52816e+09,63592,106351
1.52816e+09,50953,84905
1.52816e+09,53148,86939
1.52816e+09,40155,66522
1.52816e+09,66893,109695
1.52816e+09,38222,64000
1.52816e+09,39064,65562
1.52816e+09,37072,61508
1.52816e+09,40483,66690
1.52816e+09,71312,117473
1.52816e+09,59327,98172
1.52816e+09,37256,61206
1.52816e+09,56756,93501
1.52816e+09,44378,73804
1.52816e+09,63928,105285
1.52816e+09,35556,58771
1.52816e+09,39010,66207
1.52816e+09,41649,69188
1.52816e+09,116135,193684
1.52816e+09,62187,103961
1.52816e+09,37926,62303
1.52816e+09,39298,63862
1.52816e+09,40063,66121
1.52816e+09,199978,334164
1.52816e+09,109624,184230
1.52816e+09,43770,72870
1.52816e+09,44645,73540
1.52816e+09,278619,467876
1.52816e+09,73288,122490
1.52816e+09,47703,79618
1.52816e+09,38104,63639
1.52816e+09,51734,84310
1.52816e+09,42987,71180
1.52816e+09,61489,101768
1.52816e+09,175914,291629
1.52816e+09,40091,66347
1.52816e+09,58661,98135
1.52816e+09,91001,150636
1.52816e+09,89453,149406
1.52816e+09,39246,66399
1.52816e+09,37402,61661
1.52816e+09,48995,80358
1.52816e+09,84131,141110
1.52816e+09,53279,87549
1.52816e+09,59411,97904
1.52816e+09,53761,88984
1.52816e+09,90460,151866
1.52816e+09,43547,72241
1.52816e+09,59266,98529
1.52816e+09,48157,79831
1.52816e+09,48653,79952
1.52816e+09,40969,68467
1.52816e+09,36992,60542
1.52816e+09,39921,67164
1.52816e+09,36725,59796
1.52816e+09,55509,93021
1.52816e+09,56103,91523
1.52816e+09,47368,79772
1.52816e+09,43386,72284
1.52816e+09,39144,64809
1.52816e+09,36115,59059
1.52816e+09,41340,68511
1.52816e+09,64132,105826
1.52816e+09,168058,281844
1.52816e+09,47928,80156
1.52816e+09,55595,92281
1.52816e+09,48674,82108
1.52816e+09,45495,76568
1.52816e+09,49892,82241
1.52816e+09,39077,65680
1.52816e+09,59554,97794
1.52816e+09,44516,74713
1.52816e+09,58382,97034
1.52816e+09,48701,80887
1.52816e+09,37516,60302
1.52816e+09,138789,231347
1.52816e+09,51186,84008
1.52816e+09,132979,223151
1.52816e+09,32444,53065
1.52816e+09,46278,75946
1.52816e+09,46230,77312
1.52816e+09,43198,70344
1.52816e+09,41260,63922
1.52816e+09,35894,58758
1.52816e+09,99895,166717
1.52816e+09,40690,68063
1.52816e+09,76229,126745
1.52816e+09,37710,62282
1.52816e+09,39830,65027
1.52816e+09,62818,103271
1.52816e+09,64861,107340
1.52816e+09,37058,60729
1.52816e+09,42194,69182
1.52816e+09,37995,61642
1.52816e+09,36361,61097
1.52816e+09,36268,60020
1.52816e+09,46760,77917
1.52816e+09,42305,71256
1.52816e+09,66595,111875
1.52816e+09,161255,267316
1.52816e+09,72553,121224
1.52816e+09,59026,98111
1.52816e+09,38461,63544
1.52816e+09,51483,86359
1.52816e+09,37830,63056
1.52816e+09,39036,64006
1.52816e+09,41205,68102
1.52816e+09,39894,64711
1.52816e+09,44270,73884
1.52816e+09,46247,76092
1.52816e+09,48391,82532
1.52816e+09,35721,59826
1.52816e+09,38244,62436
1.52816e+09,51008,83916
1.52816e+09,42338,68237
1.52816e+09,68994,115197
1.52816e+09,45925,76742
1.52816e+09,47376,79540
1.52816e+09,67201,111034
1.52816e+09,36516,60243
1.52816e+09,54603,88922
1.52816e+09,38434,63000
1.52816e+09,50288,83552
1.52816e+09,51779,86403
1.52816e+09,34317,56175
1.52816e+09,42418,70463
1.52816e+09,50405,81233
1.52816e+09,34702,57045
1.52816e+09,39887,66698
1.52816e+09,51844,86071
1.52816e+09,51722,85254
1.52816e+09,43561,72438
1.52816e+09,63580,105208
1.52816e+09,40109,65439
1.52816e+09,61821,103966
1.52816e+09,43509,72344
1.52816e+09,82368,137886
1.52816e+09,126508,211227
1.52816e+09,45213,73351
1.52816e+09,50256,84568
1.52816e+09,73003,121663
1.52816e+09,61486,102125
1.52816e+09,36510,60733
1.52816e+09,66089,111411
1.52816e+09,61970,102792
1.52816e+09,144942,234440
1.52816e+09,44253,74368
1.52816e+09,36493,61914
1.52816e+09,43527,74351
1.52816e+09,43964,72987
1.52816e+09,66679,110480
1.52816e+09,35562,57430
1.52816e+09,52984,87801
1.52816e+09,66379,108172
1.52816e+09,33119,54867
1.52816e+09,47538,78937
1.52816e+09,53454,90418
1.52816e+09,35756,59988
1.52816e+09,36149,58256
1.52816e+09,108892,182680
1.52816e+09,39500,65172
1.52816e+09,42962,71683
1.52816e+09,40446,66445
1.52816e+09,113869,190678
1.52816e+09,40836,66738
1.52816e+09,41052,68698
1.52816e+09,34329,57369
1.52816e+09,61011,102011
1.52816e+09,117731,196656
1.52816e+09,37371,61468
1.52816e+09,56945,94201
1.52816e+09,40624,67406
1.52816e+09,43285,71216
1.52816e+09,42762,71601
1.52816e+09,69445,115489
1.52816e+09,48580,79562
1.52816e+09,36482,60145
1.52816e+09,35764,59934
1.52816e+09,89168,148487
1.52816e+09,70202,117476
1.52816e+09,41362,68689
1.52816e+09,37825,61242
1.52816e+09,34731,56789
1.52816e+09,42272,68984
1.52816e+09,43976,72045
1.52816e+09,36703,60121
1.52816e+09,98318,164198
1.52816e+09,62080,104222
1.52816e+09,172886,288739
1.52816e+09,40476,67757
1.52816e+09,54075,90987
1.52816e+09,60773,100144
1.52816e+09,60067,97604
1.52816e+09,34766,57047
1.52816e+09,42603,68182
1.52816e+09,141269,234358
1.52816e+09,44839,73804
1.52816e+09,43235,70709
1.52816e+09,146878,229195
1.52816e+09,45529,73927
1.52816e+09,35937,59341
1.52816e+09,37703,62391
1.52816e+09,48629,80469
1.52816e+09,35731,59887
1.52816e+09,72124,119214
1.52816e+09,46700,77612
1.52816e+09,134940,224257
1.52816e+09,44042,73680
1.52816e+09,49396,81583
1.52816e+09,50416,84111
1.52816e+09,38203,63293
1.52816e+09,91996,153775
1.52816e+09,79959,132238
1.52816e+09,85547,143542
1.52816e+09,41131,67710
1.52816e+09,62808,105301
1.52816e+09,65518,108533
1.52816e+09,37380,62418
1.52816e+09,45922,76926
1.52816e+09,42376,68911
1.52816e+09,41417,68165
1.52816e+09,45485,74305
1.52816e+09,52437,88954
1.52816e+09,50028,83731
1.52816e+09,38007,62114
1.52816e+09,52671,87360
1.52816e+09,34753,57829
1.52816e+09,57783,93819
1.52816e+09,45488,75691
1.52816e+09,89977,153134
1.52816e+09,74760,124426
1.52816e+09,43445,71126
1.52816e+09,40932,66980
1.52816e+09,42701,71015
1.52816e+09,50877,84392
1.52816e+09,115310,193620
1.52816e+09,42083,69657
1.52816e+09,40148,66556
1.52816e+09,37178,61010
1.52816e+09,64575,142999
1.52816e+09,57014,95287
1.52816e+09,62443,87968
1.52816e+09,93694,155429
1.52816e+09,82177,136958
1.52816e+09,45725,74657
1.52816e+09,37637,61171
1.52816e+09,92932,155208
1.52816e+09,74190,122984
1.52816e+09,40305,66443
1.52816e+09,52750,87167
1.52816e+09,46414,77252
1.52816e+09,47465,79336
1.52816e+09,44986,74117
1.52816e+09,63051,104198
1.52816e+09,39535,65576
1.52816e+09,52561,87567
1.52816e+09,35433,58136
1.52816e+09,40276,67860
1.52816e+09,44850,75306
1.52816e+09,82871,139504
1.52816e+09,104120,173690
1.52816e+09,43143,71041
1.52816e+09,40716,68627
1.52816e+09,45447,74929
1.52816e+09,80924,134329
1.52816e+09,44113,73302
1.52816e+09,40089,67557
1.52816e+09,65070,106037
1.52816e+09,40943,67364
1.52816e+09,63111,105118
1.52816e+09,56610,95039
1.52816e+09,334421,561265
1.52816e+09,68033,115514
1.52816e+09,48780,79752
1.52816e+09,37372,60478
1.52816e+09,40380,67697
1.52816e+09,63172,99857
1.52816e+09,75222,123430
1.52816e+09,57834,95645
1.52816e+09,101036,169080
1.52816e+09,160478,267647
1.52816e+09,38638,64096
1.52816e+09,38689,63460
1.52816e+09,57447,94083
1.52816e+09,46445,77384
1.52816e+09,37276,61788
1.52816e+09,43415,72774
1.52816e+09,33008,52664
1.52816e+09,34642,56392
1.52816e+09,35141,57650
1.52816e+09,41877,65629
1.52816e+09,36510,59269
1.52816e+09,45074,74738
1.52816e+09,42374,68784
1.52816e+09,144720,243813
1.52816e+09,119614,202141
1.52816e+09,105124,176010
1.52816e+09,37731,62156
1.52816e+09,48868,79870
1.52816e+09,36087,60197
1.52816e+09,53343,86788
1.52816e+09,66298,110643
1.52816e+09,72271,119995
1.52816e+09,40417,66947
1.52816e+09,39299,65327
1.52816e+09,101934,168801
1.52816e+09,58250,96150
1.52816e+09,38580,63076
1.52816e+09,201165,338579
1.52816e+09,140714,207181
1.52816e+09,88976,148414
1.52816e+09,64232,106114
1.52816e+09,66923,110991
1.52816e+09,72546,121185
1.52816e+09,41202,67300
1.52816e+09,45187,75605
1.52816e+09,58073,96116
1.52816e+09,37746,63158
1.52816e+09,48710,80105
1.52816e+09,165125,277638
1.52816e+09,69781,116458
1.52816e+09,38426,63348
1.52816e+09,292093,475903
1.52816e+09,56915,93908
1.52816e+09,63276,104814
1.52816e+09,37217,62374
1.52816e+09,32151,53417
1.52816e+09,39343,65036
1.52816e+09,39349,63924
1.52816e+09,45908,75616
1.52816e+09,100028,168613
1.52816e+09,69683,117727
1.52816e+09,47304,78784
1.52816e+09,54063,89047
1.52816e+09,41902,70024
1.52816e+09,46345,76264
1.52816e+09,52055,86282
1.52816e+09,37886,63341
1.52816e+09,36334,59823
1.52816e+09,47005,76825
1.52816e+09,42609,69827
1.52816e+09,47246,78011
1.52816e+09,37976,62127
1.52816e+09,55004,91762
1.52816e+09,52150,86867
1.52816e+09,38114,61891
1.52816e+09,38643,63474
1.52816e+09,40394,66779
1.52816e+09,39157,65711
1.52816e+09,36916,58784
1.52816e+09,36944,61783
1.52816e+09,47507,78946
1.52816e+09,39626,66191
1.52816e+09,52301,86691
1.52816e+09,36759,59733
1.52816e+09,47011,76981
1.52816e+09,108764,181175
1.52816e+09,40156,67596
1.52816e+09,44844,73830
1.52816e+09,42805,70307
1.52816e+09,42657,71190
1.52816e+09,52481,85227
1.52816e+09,48275,81082
1.52816e+09,104437,173831
1.52816e+09,46083,72436
1.52816e+09,53179,87932
1.52816e+09,43463,71396
1.52816e+09,66035,108781
1.52816e+09,67773,112411
1.52816e+09,37325,60656
1.52816e+09,76776,126335
1.52816e+09,44696,73992
1.52816e+09,36738,60203
1.52816e+09,52369,85940
1.52816e+09,35781,59615
1.52816e+09,45480,74965
1.52816e+09,61334,101902
1.52816e+09,104320,172532
1.52816e+09,276690,464263
1.52816e+09,43965,72426
1.52816e+09,54752,89687
1.52816e+09,33214,53519
1.52816e+09,35517,59998
1.52816e+09,41293,68016
1.52816e+09,116022,193983
1.52816e+09,36848,59219
1.52816e+09,212598,355103
1.52816e+09,37698,62491
1.52816e+09,89128,148575
1.52816e+09,49236,81576
1.52816e+09,37218,59641
1.52816e+09,40990,68658
1.52816e+09,226812,378598
1.52816e+09,44920,74504
1.52816e+09,59778,99632
1.52816e+09,105147,176503
1.52816e+09,41645,70095
1.52816e+09,214415,359247
1.52816e+09,185434,312153
1.52816e+09,40681,67077
1.52816e+09,46624,78004
1.52816e+09,44370,73593
1.52816e+09,39394,64844
1.52816e+09,71795,118628
1.52816e+09,39112,66682
1.52816e+09,42467,70110
1.52816e+09,59716,98204
1.52816e+09,161779,272443
1.52816e+09,39326,66039
1.52816e+09,60024,99812
1.52816e+09,58108,96869
1.52816e+09,124679,209270
1.52816e+09,84131,141577
1.52816e+09,68245,113246
1.52816e+09,63099,105268
1.52816e+09,71239,118486
1.52816e+09,185485,271138
1.52816e+09,70365,118932
1.52816e+09,54818,92953
1.52816e+09,36924,61110
1.52816e+09,36924,61166
1.52816e+09,38936,65049
1.52816e+09,36973,61255
1.52816e+09,46361,78061
1.52816e+09,65124,108589
1.52816e+09,52175,86660
1.52816e+09,46395,77415
1.52816e+09,90667,151031
1.52816e+09,49563,81802
1.52816e+09,34417,56859
1.52816e+09,73625,120116
1.52816e+09,44015,73047
1.52816e+09,90378,150995
1.52816e+09,38688,64730
1.52816e+09,79926,132808
1.52816e+09,36335,60400
1.52816e+09,38284,62962
1.52816e+09,36853,60416
1.52816e+09,50248,82982
1.52816e+09,36275,58992
1.52816e+09,53623,88504
1.52816e+09,46428,76261
1.52816e+09,45914,75908
1.52816e+09,41610,68212
1.52816e+09,86427,143599
1.52816e+09,40932,67070
1.52816e+09,39151,63624
1.52816e+09,36295,58629
1.52816e+09,55893,92234
1.52816e+09,35141,58118
1.52816e+09,39618,63635
1.52816e+09,35937,59593
1.52816e+09,44156,73160
1.52816e+09,40428,66620
1.52816e+09,109679,182879
1.52816e+09,113064,189149
1.52816e+09,80234,132588
1.52816e+09,44797,73817
1.52816e+09,40961,68420
1.52816e+09,43931,72493
1.52816e+09,38469,64887
1.52816e+09,52244,86799
1.52816e+09,53287,88048
1.52816e+09,51465,84790
1.52816e+09,41937,68251
1.52816e+09,72488,117315
1.52816e+09,35733,57865
1.52816e+09,67487,111708
1.52816e+09,49218,82430
1.52816e+09,88734,148707
1.52816e+09,42380,70918
1.52816e+09,66837,112938
1.52816e+09,50771,85094
1.52816e+09,143526,241527
1.52816e+09,42203,69152
1.52816e+09,34247,55890
1.52816e+09,44543,76006
1.52816e+09,73527,122769
1.52816e+09,42904,70457
1.52816e+09,46816,78091
1.52816e+09,46155,75881
1.52816e+09,54060,90057
1.52816e+09,47764,78302
1.52816e+09,57650,95384
1.52816e+09,63838,107389
1.52816e+09,42776,71113
1.52816e+09,132075,219033
1.52816e+09,65821,111182
1.52816e+09,44795,73527
1.52816e+09,69414,115334
1.52816e+09,180507,300569
1.52816e+09,74481,121571
1.52816e+09,98663,164163
1.52816e+09,36565,60589
1.52816e+09,49588,82172
1.52816e+09,38781,65257
1.52816e+09,56788,93984
1.52816e+09,39387,62779
1.52816e+09,55255,90770
1.52816e+09,41443,69119
1.52816e+09,49906,83741
1.52816e+09,84758,142458
1.52816e+09,40611,66958
1.52816e+09,110645,184415
1.52816e+09,86366,143175
1.52816e+09,47035,78932
1.52816e+09,54752,98906
1.52816e+09,41045,66844
1.52816e+09,58410,96604
1.52816e+09,45363,74610
1.52816e+09,81553,127280
1.52816e+09,206209,338802
1.52816e+09,42412,70284
1.52816e+09,39995,64992
1.52816e+09,50357,83459
1.52816e+09,81112,134752
1.52816e+09,76883,128473
1.52816e+09,65759,107323
1.52816e+09,45507,75838
1.52816e+09,43878,73423
1.52816e+09,44625,72936
1.52816e+09,54807,90479
1.52816e+09,49987,83575
1.52816e+09,39759,66729
1.52816e+09,36492,59323
1.52816e+09,40129,67256
1.52816e+09,41635,67771
1.52816e+09,50749,84535
1.52816e+09,97381,160404
1.52816e+09,30285,47774
1.52816e+09,41485,68385
1.52816e+09,52978,89331
1.52816e+09,58407,97963
1.52816e+09,118804,197349
1.52816e+09,87682,146775
1.52816e+09,71388,119010
1.52816e+09,45174,76272
1.52816e+09,37949,62353
1.52816e+09,42178,68546
1.52816e+09,43236,70803
1.52816e+09,34088,56018
1.52816e+09,43533,70577
1.52816e+09,155452,259604
1.52816e+09,86404,142640
1.52816e+09,48892,79675
1.52816e+09,75360,125993
1.52816e+09,40403,66218
1.52816e+09,42889,70040
1.52816e+09,51301,83297
1.52816e+09,38433,63740
1.52816e+09,138145,231979
1.52816e+09,74260,123644
1.52816e+09,36664,59725
1.52816e+09,43630,72922
1.52816e+09,48368,79498
1.52816e+09,50022,84439
1.52816e+09,392507,655878
1.52816e+09,70038,118580
1.52816e+09,47429,79930
1.52816e+09,67367,111994
1.52816e+09,68476,114305
1.52816e+09,70322,116496
1.52816e+09,53970,90453
1.52816e+09,38545,63771
1.52816e+09,36090,59647
1.52816e+09,59723,100089
1.52816e+09,51413,84084
1.52816e+09,53565,87352
1.52816e+09,35138,57413
1.52816e+09,34531,56269
1.52816e+09,38161,61860
1.52816e+09,52137,85625
1.52816e+09,44007,73669
1.52816e+09,90592,149962
1.52816e+09,91751,152495
1.52816e+09,87429,147917
1.52816e+09,44582,73847
1.52816e+09,40693,67671
1.52816e+09,44732,75416
1.52816e+09,42950,72300
1.52816e+09,51811,86929
1.52816e+09,45208,75225
1.52816e+09,46313,77815
1.52816e+09,39334,64783
1.52816e+09,41911,69292
1.52816e+09,38505,63852
1.52816e+09,61291,101427
1.52816e+09,232483,387600
1.52816e+09,40460,65875
1.52816e+09,71697,117094
1.52816e+09,38383,63795
1.52816e+09,112409,188176
1.52816e+09,38143,63086
1.52816e+09,46284,77016
1.52816e+09,39003,63163
1.52816e+09,48251,81105
1.52816e+09,44556,73960
1.52816e+09,59147,99851
1.52816e+09,42619,69580
1.52816e+09,40561,66000
1.52816e+09,39021,64360
1.52816e+09,37189,60944
1.52816e+09,54818,92116
1.52816e+09,36650,61213
1.52816e+09,35514,57074
1.52816e+09,52789,86975
1.52816e+09,83205,139462
1.52816e+09,39574,65123
1.52816e+09,104751,174523
1.52816e+09,42357,70295
1.52816e+09,125653,212586
1.52816e+09,49049,80495
1.52816e+09,44634,73929
1.52816e+09,46991,78309
1.52816e+09,36558,60326
1.52816e+09,47312,78103
1.52816e+09,52613,87766
1.52816e+09,41741,68007
1.52816e+09,38053,62946
1.52816e+09,60434,101776
1.52816e+09,44943,74555
1.52816e+09,49915,81595
1.52816e+09,57160,93777
1.52816e+09,98609,163704
1.52816e+09,45326,74514
1.52816e+09,40531,67475
1.52816e+09,47546,80725
1.52816e+09,40971,67524
1.52816e+09,41391,68305
1.52816e+09,58459,96911
1.52816e+09,55027,90366
1.52816e+09,60266,101352
1.52816e+09,54099,89649
1.52816e+09,37664,63977
1.52816e+09,132435,220626
1.52816e+09,36114,60846
1.52816e+09,39288,65286
1.52816e+09,44045,71634
1.52816e+09,39858,66314
1.52816e+09,52418,85975
1.52816e+09,43066,71090
1.52816e+09,39744,64539
1.52816e+09,62075,102620
1.52816e+09,41796,69186
1.52816e+09,53662,89795
1.52816e+09,51213,85012
1.52816e+09,184662,309142
1.52816e+09,45458,73617
1.52816e+09,57199,93881
1.52816e+09,59691,99568
1.52816e+09,40414,67911
1.52816e+09,36306,60121
1.52816e+09,68754,114944
1.52816e+09,39446,65518
1.52816e+09,65143,107447
1.52816e+09,38978,63769
1.52816e+09,67633,110222
1.52816e+09,63349,104593
1.52816e+09,45242,73431
1.52816e+09,71445,120164
1.52816e+09,103137,174593
1.52816e+09,36776,61685
1.52816e+09,236039,396041
1.52816e+09,62472,104816
1.52816e+09,57229,93222
1.52816e+09,48785,79809
1.52816e+09,70576,117914
1.52816e+09,37398,60823
1.52816e+09,147690,247086
1.52816e+09,59534,98591
1.52816e+09,52720,87139
1.52816e+09,57117,94995
1.52816e+09,46711,76198
1.52816e+09,47264,77315
1.52816e+09,41256,69221
1.52816e+09,93217,154785
1.52816e+09,41276,67860
1.52816e+09,37344,62417
1.52816e+09,39394,65650
1.52816e+09,125459,209512
1.52816e+09,39860,66537
1.52816e+09,58638,98428
1.52816e+09,54836,91955
1.52816e+09,38567,63821
1.52816e+09,58343,98089
1.52816e+09,36371,60105
1.52816e+09,33937,55726
1.52816e+09,45588,76790
1.52816e+09,42378,70204
1.52816e+09,65344,110018
1.52816e+09,47393,79352
1.52816e+09,39080,64302
1.52816e+09,123901,206938
1.52816e+09,41964,68252
1.52816e+09,32729,45136
1.52816e+09,37195,59659
1.52816e+09,45855,74890
1.52816e+09,122553,205157
1.52816e+09,47139,78639
1.52816e+09,51432,84810
1.52816e+09,36032,50719
1.52816e+09,53487,89616
1.52816e+09,43332,71768
1.52816e+09,32577,53320
1.52816e+09,72147,118734
1.52816e+09,40306,67180
1.52816e+09,37056,60318
1.52816e+09,64971,107721
1.52816e+09,38254,60749
1.52816e+09,159199,266619
1.52816e+09,494084,787244
1.52816e+09,58762,98781
1.52816e+09,53377,88647
1.52816e+09,290884,488454
1.52816e+09,48686,81099
1.52816e+09,38627,63350
1.52816e+09,36925,60852
1.52816e+09,43045,71177
1.52816e+09,51086,86494
1.52816e+09,38491,62472
1.52816e+09,37722,63154
1.52816e+09,57621,95436
1.52816e+09,75314,123809
1.52816e+09,41188,68704
1.52816e+09,90899,140943
1.52816e+09,50557,84288
1.52816e+09,50795,83045
1.52816e+09,44173,73069
1.52816e+09,36831,60796
1.52816e+09,38822,63544
1.52816e+09,37207,60397
1.52816e+09,44949,74916
1.52816e+09,203600,339205
1.52816e+09,62019,104224
1.52816e+09,55191,91861
1.52816e+09,254589,426746
1.52816e+09,52785,87739
1.52816e+09,38773,63398
1.52816e+09,41740,69071
1.52816e+09,94272,159911
1.52816e+09,413556,687664
1.52816e+09,88488,148552
1.52816e+09,37124,61542
1.52816e+09,327119,546665
1.52816e+09,45245,75879
1.52816e+09,41276,67632
1.52816e+09,102891,172801
1.52816e+09,74011,123707
1.52816e+09,67161,110378
1.52816e+09,48554,80845
1.52816e+09,42527,69099
1.52816e+09,86132,145068
1.52816e+09,86019,142361
1.52816e+09,43753,73346
1.52816e+09,44089,74348
1.52816e+09,129665,214317
1.52816e+09,105877,177234
1.52816e+09,36465,58977
1.52816e+09,45334,73752
1.52816e+09,45276,75246
1.52816e+09,60307,100170
1.52816e+09,51393,85283
1.52816e+09,39431,65314
1.52816e+09,111051,186003
1.52816e+09,354267,591406
1.52816e+09,39020,63875
1.52816e+09,40184,65749
1.52816e+09,37623,62036
1.52816e+09,49602,82711
1.52816e+09,37407,61406
1.52816e+09,55613,93196
1.52816e+09,49670,82466
1.52816e+09,57035,97410
1.52816e+09,166897,277818
1.52816e+09,44272,73672
1.52816e+09,149872,249668
1.52816e+09,106131,176430
1.52816e+09,46925,75823
1.52816e+09,54588,90513
1.52816e+09,194596,325915
1.52816e+09,68884,115500
1.52816e+09,41290,66254
1.52816e+09,49539,84580
1.52816e+09,50538,83335
1.52816e+09,87189,145681
1.52816e+09,51995,84737
1.52816e+09,40054,66024
1.52816e+09,43503,71262
1.52816e+09,38948,64207
1.52816e+09,40453,67259
1.52816e+09,112092,184348
1.52816e+09,39920,67117
1.52816e+09,40386,66191
1.52816e+09,34606,55990
1.52816e+09,89832,151621
1.52816e+09,39138,63407
1.52816e+09,55873,93167
1.52816e+09,45211,75382
1.52816e+09,38323,62973
1.52816e+09,43304,72105
1.52816e+09,45419,74491
1.52816e+09,57261,95595
1.52816e+09,45965,75871
1.52816e+09,230066,383973
1.52816e+09,76572,129718
1.52816e+09,72342,119680
1.52816e+09,39173,63080
1.52816e+09,37330,61822
1.52816e+09,54035,89444
1.52816e+09,30376,48522
1.52816e+09,39774,66518
1.52816e+09,45477,75748
1.52816e+09,36606,60497
1.52816e+09,38901,63936
1.52816e+09,48904,82224
1.52816e+09,78047,129606
1.52816e+09,39573,64812
1.52816e+09,52789,88711
1.52816e+09,62175,101672
1.52816e+09,40761,66249
1.52816e+09,58023,96083
1.52816e+09,216726,362601
1.52816e+09,50906,83579
1.52816e+09,38668,63399
1.52816e+09,41350,69104
1.52816e+09,66398,111033
1.52816e+09,41801,69577
1.52816e+09,55876,92759
1.52816e+09,68628,115163
1.52816e+09,41593,68614
1.52816e+09,61504,101529
1.52816e+09,102045,171724
1.52816e+09,42131,69837
1.52816e+09,48845,80053
1.52816e+09,40040,65162
1.52816e+09,62634,104976
1.52816e+09,120393,199298
1.52816e+09,38366,63457
1.52816e+09,177842,298064
1.52816e+09,64697,104996
1.52816e+09,43668,73725
1.52816e+09,35521,57321
1.52816e+09,43928,71632
1.52816e+09,37761,61775
1.52816e+09,55418,91615
1.52816e+09,117831,196414
1.52816e+09,39263,66642
1.52816e+09,64965,107832
1.52816e+09,35381,58119
1.52816e+09,60252,99687
1.52816e+09,92420,154880
1.52816e+09,55228,92601
1.52816e+09,65921,108114
1.52816e+09,179918,305915
1.52816e+09,176724,297136
1.52816e+09,40056,66507
1.52816e+09,73270,121604
1.52816e+09,52473,88647
1.52816e+09,41208,68523
1.52816e+09,37389,61590
1.52816e+09,86741,143413
1.52816e+09,53075,90511
1.52816e+09,56315,93727
1.52816e+09,126973,211901
1.52816e+09,78875,129711
1.52816e+09,53414,89939
1.52816e+09,46836,75423
1.52816e+09,50669,84932
1.52816e+09,209659,352430
1.52816e+09,52985,90814
1.52816e+09,70013,116434
1.52816e+09,110253,183249
1.52816e+09,48874,79482
1.52816e+09,56855,93715
1.52816e+09,37027,60327
1.52816e+09,43064,69005
1.52816e+09,35769,57905
1.52816e+09,36544,60324
1.52816e+09,41056,67235
1.52816e+09,38393,62349
1.52816e+09,54276,90824
1.52816e+09,45865,75700
1.52816e+09,46407,76672
1.52816e+09,132490,222706
1.52816e+09,58905,94311
1.52816e+09,72981,119884
1.52816e+09,40051,64623
1.52816e+09,38170,58418
1.52816e+09,62452,105755
1.52816e+09,101102,166839
1.52816e+09,47669,78238
1.52816e+09,35814,59474
1.52816e+09,38296,63205
1.52816e+09,74367,123608
1.52816e+09,57799,95014
1.52816e+09,33065,54408
1.52816e+09,42565,71261
1.52816e+09,57586,95626
1.52816e+09,86949,145549
1.52816e+09,70019,116266
1.52816e+09,50569,84056
1.52816e+09,56517,96084
1.52816e+09,51340,85569
1.52816e+09,45651,76655
1.52816e+09,48372,80082
1.52816e+09,38553,63153
1.52816e+09,39424,65256
1.52816e+09,38021,63576
1.52816e+09,192755,322432
1.52816e+09,43461,72152
1.52816e+09,38642,64149
1.52816e+09,52820,81979
1.52816e+09,46898,78689
1.52816e+09,123345,205806
1.52816e+09,75168,126613
1.52816e+09,49859,82943
1.52816e+09,40206,66439
1.52816e+09,113009,186461
1.52816e+09,49742,83374
1.52816e+09,85545,141806
1.52816e+09,51080,85284
1.52816e+09,69549,114124
1.52816e+09,44850,74338
1.52816e+09,52993,86588
1.52816e+09,125116,208380
1.52816e+09,36674,58255
1.52816e+09,60742,101023
1.52816e+09,69499,112903
1.52816e+09,44332,73104
1.52816e+09,42363,70047
1.52816e+09,43374,70946
1.52816e+09,35540,55561
1.52816e+09,46348,76893
1.52816e+09,41882,71110
1.52816e+09,39295,65155
1.52816e+09,63731,105743
1.52816e+09,41828,69644
1.52816e+09,53109,88672
1.52816e+09,55285,92608
1.52816e+09,37152,62354
1.52816e+09,38142,62135
1.52816e+09,48859,80593
1.52816e+09,139737,232509
1.52816e+09,52363,86487
1.52816e+09,41815,67679
1.52816e+09,85830,144124
1.52816e+09,83645,139147
1.52816e+09,46884,78465
1.52816e+09,40120,66963
1.52816e+09,45068,73742
1.52816e+09,54930,92318
1.52816e+09,37094,60790
1.52816e+09,39900,67459
1.52816e+09,113394,191049
1.52816e+09,68901,115980
1.52816e+09,81778,135027
1.52816e+09,35952,60146
1.52816e+09,40354,67799
1.52816e+09,67823,112555
1.52816e+09,53898,90004
1.52816e+09,39158,62906
1.52816e+09,41286,68501
1.52816e+09,66037,110076
1.52816e+09,210659,354120
1.52816e+09,37821,62663
1.52816e+09,63298,102336
1.52816e+09,41626,65479
1.52816e+09,48858,80686
1.52816e+09,38919,64044
1.52816e+09,40378,67517
1.52816e+09,36989,60966
1.52816e+09,59252,98457
1.52816e+09,43452,72317
1.52816e+09,45726,76342
1.52816e+09,38294,62736
1.52816e+09,45963,70474
1.52816e+09,37493,61033
1.52816e+09,176730,295976
1.52816e+09,38663,64110
1.52816e+09,50198,84522
1.52816e+09,115618,190851
1.52816e+09,54868,88989
1.52816e+09,76328,126056
1.52816e+09,69331,116461
1.52816e+09,68349,114082
1.52816e+09,34536,55298
1.52816e+09,39310,63816
1.52816e+09,43925,72881
1.52816e+09,158001,263366
1.52816e+09,39259,64459
1.52816e+09,48851,79491
1.52816e+09,38865,62903
1.52816e+09,54090,88411
1.52816e+09,114643,191619
1.52816e+09,38899,65078
1.52816e+09,54032,90858
1.52816e+09,54537,89951
1.52816e+09,51210,86580
1.52816e+09,36638,58837
1.52816e+09,74929,126042
1.52816e+09,38896,65243
1.52816e+09,43571,71754
1.52816e+09,196537,330498
1.52816e+09,53709,88368
1.52816e+09,68786,113232
1.52816e+09,42645,71843
1.52816e+09,44879,75096
1.52816e+09,97067,161826
1.52816e+09,91459,151687
1.52816e+09,38390,62495
1.52816e+09,38811,64156
1.52816e+09,36212,56919
1.52816e+09,41916,67440
1.52816e+09,50327,83838
1.52816e+09,56390,94164
1.52816e+09,55250,91698
1.52816e+09,38345,62456
1.52816e+09,58365,96752
1.52816e+09,38976,64612
1.52816e+09,54392,90274
1.52816e+09,37853,61717
1.52816e+09,38320,62756
1.52816e+09,57493,94213
1.52816e+09,80319,131099
1.52816e+09,50926,84226
1.52816e+09,71118,118737
1.52816e+09,40576,68680
1.52816e+09,60748,101339
1.52816e+09,40169,66186
1.52816e+09,33037,74482
1.52816e+09,289509,484769
1.52816e+09,63452,106279
1.52816e+09,42349,69871
1.52816e+09,54880,89293
1.52816e+09,45986,75704
1.52816e+09,75419,122166
1.52816e+09,42489,70288
1.52816e+09,33125,54947
1.52816e+09,48114,79806
1.52816e+09,38409,64602
1.52816e+09,35891,60238
1.52816e+09,50271,85427
1.52816e+09,55303,92503
1.52816e+09,40304,67778
1.52816e+09,91301,152633
1.52816e+09,40263,66155
1.52816e+09,88269,145893
1.52816e+09,53075,88660
1.52816e+09,90140,150922
1.52816e+09,52370,86396
1.52816e+09,35934,59569
1.52816e+09,47802,81439
1.52816e+09,41329,67769
1.52816e+09,302755,-298333
1.52816e+09,38802,64718
1.52816e+09,39551,65862
1.52816e+09,42612,68639
1.52816e+09,80080,133763
1.52816e+09,39587,66631
1.52816e+09,40960,68079
1.52816e+09,34915,58588
1.52816e+09,382981,640176
1.52816e+09,170100,282931
1.52816e+09,47225,78834
1.52816e+09,36534,61577
1.52816e+09,71191,117647
1.52816e+09,48968,80299
1.52816e+09,39614,64716
1.52816e+09,40419,66901
1.52816e+09,70942,118740
1.52816e+09,40552,67116
1.52816e+09,38113,62902
1.52816e+09,41424,67825
1.52816e+09,39633,65883
1.52816e+09,85683,140456
1.52816e+09,53809,89106
1.52816e+09,81513,138123
1.52816e+09,37112,59351
1.52816e+09,43223,70759
1.52816e+09,48262,77327
1.52816e+09,56131,94339
1.52816e+09,76394,128585
1.52816e+09,45171,72870
1.52816e+09,94077,155971
1.52816e+09,45993,75872
1.52816e+09,37571,61444
1.52816e+09,39382,65006
1.52816e+09,39256,63708
1.52816e+09,72052,119682
1.52816e+09,102355,168135
1.52816e+09,36921,60463
1.52816e+09,50694,83478
1.52816e+09,42221,70112
1.52816e+09,73540,121917
1.52816e+09,36954,58973
1.52816e+09,44647,73650
1.52816e+09,184645,308427
1.52816e+09,43381,71353
1.52816e+09,48106,80223
1.52816e+09,37668,62915
1.52816e+09,44650,73055
1.52816e+09,36759,59140
1.52816e+09,39324,66307
1.52816e+09,38533,63933
1.52816e+09,39809,67315
1.52816e+09,42032,70675
1.52816e+09,51222,84390
1.52816e+09,75497,125482
1.52816e+09,58607,97311
1.52816e+09,51139,84130
1.52816e+09,43432,72341
1.52816e+09,38047,61732
1.52816e+09,44720,73433
1.52816e+09,61341,102390
1.52816e+09,53339,89069
1.52816e+09,46183,76425
1.52816e+09,45841,75663
1.52816e+09,38626,64336
1.52816e+09,183997,309506
1.52816e+09,37881,62232
1.52816e+09,44805,74170
1.52816e+09,47661,79098
1.52816e+09,66289,117564
1.52816e+09,44639,73537
1.52816e+09,47202,77205
1.52816e+09,60695,101957
1.52816e+09,37689,62096
1.52816e+09,122817,204527
1.52816e+09,42828,70088
1.52816e+09,68302,112396
1.52816e+09,52363,87495
1.52816e+09,42463,69127
1.52816e+09,58695,97719
1.52816e+09,51095,84901
1.52816e+09,51157,84879
1.52816e+09,36159,58615
1.52816e+09,93961,156020
1.52816e+09,51281,85028
1.52816e+09,40169,67562
1.52816e+09,56502,94002
1.52816e+09,37292,61652
1.52816e+09,39246,64195
1.52816e+09,44294,73083
1.52816e+09,57912,95133
1.52816e+09,39867,65285
1.52816e+09,114467,187504
1.52816e+09,39564,64802
1.52816e+09,47343,78034
1.52816e+09,39128,62545
1.52816e+09,52386,87811
1.52816e+09,38422,63586
1.52816e+09,40652,67992
1.52816e+09,55556,92965
1.52816e+09,81427,133928
1.52816e+09,42341,69389
1.52816e+09,46936,76338
1.52816e+09,35836,59394
1.52816e+09,36967,60534
1.52816e+09,79943,133316
1.52816e+09,54928,90798
1.52816e+09,39050,64842
1.52816e+09,439003,708634
1.52816e+09,40616,67232
1.52816e+09,42952,71398
1.52816e+09,45263,75993
1.52816e+09,61437,102729
1.52816e+09,47462,79127
1.52816e+09,83661,140855
1.52816e+09,88837,149012
1.52816e+09,35404,58550
1.52816e+09,61413,102700
1.52816e+09,36545,60589
1.52816e+09,34702,57557
1.52816e+09,80898,133561
1.52816e+09,47071,79104
1.52816e+09,46527,77399
1.52816e+09,50050,83297
1.52816e+09,51618,86760
1.52816e+09,72249,118045
1.52816e+09,40775,67612
1.52816e+09,41519,68810
1.52816e+09,54431,90283
1.52816e+09,38629,64230
1.52816e+09,86173,143397
1.52816e+09,41386,67693
1.52816e+09,93892,155595
1.52816e+09,41755,69359
1.52816e+09,51083,84986
1.52816e+09,49624,81387
1.52816e+09,40644,65775
1.52816e+09,44674,73509
1.52816e+09,40163,66299
1.52816e+09,35680,57503
1.52816e+09,52758,87804
1.52816e+09,39283,64518
1.52816e+09,40333,67511
1.52816e+09,64762,106959
1.52816e+09,38992,62489
1.52816e+09,44464,73718
1.52816e+09,36258,60286
1.52816e+09,40003,65529
1.52816e+09,32939,55073
1.52816e+09,240846,403828
1.52816e+09,66192,108551
1.52816e+09,44225,72331
1.52816e+09,54054,89432
1.52816e+09,40712,66614
1.52816e+09,256813,399963
1.52816e+09,64982,105833
1.52816e+09,37280,61099
1.52816e+09,179884,300417
1.52816e+09,61042,101520
1.52816e+09,47193,77789
1.52816e+09,37754,55096
1.52816e+09,44904,73092
1.52816e+09,39184,64106
1.52816e+09,38999,64090
1.52816e+09,38955,64305
1.52816e+09,90230,149574
1.52816e+09,37615,61482
1.52816e+09,36320,59573
1.52816e+09,251714,422503
1.52816e+09,51216,85777
1.52816e+09,36620,60932
1.52816e+09,34453,57416
1.52816e+09,56211,94116
1.52816e+09,59303,98618
1.52816e+09,243389,404848
1.52816e+09,64211,107475
1.52816e+09,38815,65339
1.52816e+09,48435,79574
1.52816e+09,46512,77308
1.52816e+09,51228,84038
1.52816e+09,46529,76465
1.52816e+09,110470,184634
1.52816e+09,55291,92264
1.52816e+09,39012,65102
1.52816e+09,-2.06729e+06,-4.59264e+06
1.52816e+09,46429,76295
1.52816e+09,36808,59658
1.52816e+09,41122,66845
1.52816e+09,45553,75602
1.52816e+09,76544,128224
1.52816e+09,51131,83506
1.52816e+09,385631,643078
1.52816e+09,37591,62029
1.52816e+09,35928,59758
1.52816e+09,91837,151881
1.52816e+09,68375,111620
1.52816e+09,92882,156386
1.52816e+09,46923,78547
1.52816e+09,37157,59909
1.52816e+09,420316,703079
1.52816e+09,35886,58737
1.52816e+09,98660,163776
1.52816e+09,44581,73839
1.52816e+09,39234,64174
1.52816e+09,174911,290995
1.52816e+09,34529,56974
1.52816e+09,48715,80390
1.52816e+09,58901,97994
1.52816e+09,42524,69219
1.52816e+09,33943,54705
1.52816e+09,72017,119540
1.52816e+09,64986,104259
1.52816e+09,95763,161985
1.52816e+09,63170,102814
1.52816e+09,54157,90896
1.52816e+09,42577,70720
1.52816e+09,43600,71741
1.52816e+09,50403,83363
1.52816e+09,68969,114973
1.52816e+09,46715,76800
1.52816e+09,40196,66729
1.52816e+09,41560,68803
1.52816e+09,114319,191802
1.52816e+09,46570,75812
1.52816e+09,40678,67790
1.52816e+09,45154,74607
1.52816e+09,37219,60882
1.52816e+09,82573,135927
1.52816e+09,47884,78157
1.52816e+09,64019,94592
1.52816e+09,36114,60525
1.52816e+09,77286,128769
1.52816e+09,107112,177984
1.52816e+09,36908,61144
1.52816e+09,42475,60998
1.52816e+09,44687,73570
1.52816e+09,54111,90093
1.52816e+09,63169,101848
1.52816e+09,41321,69575
1.52816e+09,35938,59678
1.52816e+09,37408,62065
1.52816e+09,69568,114853
1.52816e+09,38568,63844
1.52816e+09,47170,78972
1.52816e+09,130741,218485
1.52816e+09,53305,84699
1.52816e+09,40492,65892
1.52816e+09,66552,110408
1.52816e+09,40347,67314
1.52816e+09,31034,51192
1.52816e+09,45157,74159
1.52816e+09,53871,90399
1.52816e+09,43692,72694
1.52816e+09,42124,69820
1.52816e+09,43689,71887
1.52816e+09,41618,69511
1.52816e+09,55835,91790
1.52816e+09,44648,73330
1.52816e+09,70501,118945
1.52816e+09,37692,61677
1.52816e+09,49660,81495
1.52816e+09,45017,73591
1.52816e+09,39608,66547
1.52816e+09,38466,63474
1.52816e+09,50379,84583
1.52816e+09,62995,103054
1.52816e+09,194884,323424
1.52816e+09,63592,105316
1.52816e+09,41405,66873
1.52816e+09,163545,273236
1.52816e+09,50650,85376
1.52816e+09,96217,161027
1.52816e+09,47649,78615
1.52816e+09,42869,70925
1.52816e+09,54542,90987
1.52816e+09,112823,187250
1.52816e+09,37470,61877
1.52816e+09,346839,577271
1.52816e+09,60397,98872
1.52816e+09,70224,118164
1.52816e+09,54924,92531
1.52816e+09,48053,78886
1.52816e+09,40450,66622
1.52816e+09,45767,76295
1.52816e+09,45457,74617
1.52816e+09,79895,133273
1.52816e+09,36234,60542
1.52816e+09,70313,116022
1.52816e+09,64718,108006
1.52816e+09,52263,86229
1.52816e+09,40160,64884
1.52816e+09,38134,63158
1.52816e+09,36981,60384
1.52816e+09,59870,99919
1.52816e+09,41108,67362
1.52816e+09,129364,216331
1.52816e+09,45373,75637
1.52816e+09,43164,71925
1.52816e+09,93836,155563
1.52816e+09,38321,63918
1.52816e+09,69376,115438
1.52816e+09,43263,73178
1.52816e+09,132759,221340
1.52816e+09,281845,470712
1.52816e+09,39644,64114
1.52816e+09,37344,61627
1.52816e+09,38280,63476
1.52816e+09,38942,64872
1.52816e+09,43813,70234
1.52816e+09,54275,90537
1.52816e+09,93373,154663
1.52816e+09,144279,242437
1.52816e+09,38951,65727
1.52816e+09,59322,99542
1.52816e+09,-760634,-1.75114e+06
1.52816e+09,41557,69273
1.52816e+09,42738,70568
1.52816e+09,37016,61146
1.52816e+09,62046,103402
1.52816e+09,44971,74724
1.52816e+09,43603,72375
1.52816e+09,44589,72935
1.52816e+09,40889,65308
1.52816e+09,80601,135048
1.52816e+09,50673,83812
1.52816e+09,41192,68435
1.52816e+09,96648,161968
1.52816e+09,42803,70289
1.52816e+09,38388,64357
1.52816e+09,47127,77533
1.52816e+09,58539,96935
1.52816e+09,81821,136042
1.52816e+09,35768,58022
1.52816e+09,40394,66216
1.52816e+09,50067,82359
1.52816e+09,41025,67795
1.52816e+09,41207,68448
1.52816e+09,39825,65347
1.52816e+09,60375,100849
1.52816e+09,42223,70485
1.52816e+09,40701,68592
1.52816e+09,40431,66176
1.52816e+09,39773,64601
1.52816e+09,36599,60216
1.52816e+09,45030,74402
1.52816e+09,44570,74372
1.52816e+09,37511,62026
1.52816e+09,37780,61834
1.52816e+09,54568,90279
1.52816e+09,97379,161465
1.52816e+09,65870,110326
1.52816e+09,58538,97209
1.52816e+09,62525,103996
1.52816e+09,40417,63401
1.52816e+09,45852,77238
1.52816e+09,44782,75053
1.52816e+09,61303,101510
1.52816e+09,47803,78719
1.52816e+09,34243,56128
1.52816e+09,55908,93961
1.52816e+09,46262,75432
1.52816e+09,79770,134550
1.52816e+09,40491,65539
1.52816e+09,109792,182589
1.52816e+09,44468,73060
1.52816e+09,36471,59658
1.52816e+09,85028,140561
1.52816e+09,106312,177667
1.52816e+09,38720,62100
1.52816e+09,36824,60600
1.52816e+09,87258,120587
1.52816e+09,47871,76762
1.52816e+09,39494,66021
1.52816e+09,39812,67005
1.52816e+09,47763,78647
1.52816e+09,44275,74355
1.52816e+09,39224,63846
1.52816e+09,39491,64575
1.52816e+09,36101,58905
1.52816e+09,41778,68191
1.52816e+09,82489,138126
1.52816e+09,50045,82706
1.52816e+09,47317,71412
1.52816e+09,62850,104169
1.52816e+09,37392,60910
1.52816e+09,53829,88792
1.52816e+09,69038,114881
1.52816e+09,178754,299820
1.52816e+09,70225,115577
1.52816e+09,35830,59271
1.52816e+09,131353,218957
1.52816e+09,253488,423746
1.52816e+09,43114,73439
1.52816e+09,50944,84244
1.52816e+09,42799,70943
1.52816e+09,42712,70133
1.52816e+09,38572,63589
1.52816e+09,40125,67068
1.52816e+09,55242,92957
1.52816e+09,186840,313303
1.52816e+09,47587,79231
1.52816e+09,92538,154133
1.52816e+09,39363,65423
1.52816e+09,71180,117997
1.52816e+09,47464,78608
1.52816e+09,45285,73753
1.52816e+09,86620,144168
1.52816e+09,43162,70622
1.52816e+09,58237,96301
1.52816e+09,37797,62207
1.52816e+09,140466,234075
1.52816e+09,47203,77689
1.52816e+09,55824,93123
1.52816e+09,36788,61123
1.52816e+09,41460,69760
1.52816e+09,49720,82403
1.52816e+09,36444,60649
1.52816e+09,52857,87270
1.52816e+09,45948,75704
1.52816e+09,59807,98879
1.52816e+09,108939,182083
1.52816e+09,43072,71474
1.52816e+09,41926,68805
1.52816e+09,46900,77260
1.52816e+09,44478,73247
1.52816e+09,43077,69468
1.52816e+09,46620,77159
1.52816e+09,134869,225939
1.52816e+09,55161,91948
1.52816e+09,40682,69015
1.52816e+09,41857,69981
1.52816e+09,37928,61840
1.52816e+09,44800,74231
1.52816e+09,216093,360040
1.52816e+09,65164,108548
1.52816e+09,46696,78114
1.52816e+09,38350,63021
1.52816e+09,41215,67362
1.52816e+09,36549,59677
1.52816e+09,41167,67771
1.52816e+09,49151,79730
1.52816e+09,61508,101010
1.52816e+09,101737,167245
1.52816e+09,49073,81172
1.52816e+09,36106,59607
1.52816e+09,46306,76651
1.52816e+09,38643,64773
1.52816e+09,128814,214060
1.52816e+09,40866,68160
1.52816e+09,112307,189033
1.52816e+09,94821,158559
1.52816e+09,37927,61782
1.52816e+09,103312,170253
1.52816e+09,34836,57085
1.52816e+09,80679,134470
1.52816e+09,39916,66479
1.52816e+09,57972,95800
1.52816e+09,169728,282334
1.52816e+09,62415,102369
1.52816e+09,44063,72828
1.52816e+09,70816,116552
1.52816e+09,59637,98710
1.52816e+09,53882,89822
1.52816e+09,56482,93468
1.52816e+09,37557,59786
1.52816e+09,38018,61389
1.52816e+09,41009,68381
1.52816e+09,137066,227737
1.52816e+09,38988,64659
1.52816e+09,62550,103971
1.52816e+09,40025,65658
1.52816e+09,106463,176472
1.52816e+09,40082,65732
1.52816e+09,56858,95291
1.52816e+09,58449,97207
1.52816e+09,45460,76221
1.52816e+09,33355,54571
1.52816e+09,46087,75909
1.52816e+09,69043,115341
1.52816e+09,51788,84646
1.52816e+09,49057,80971
1.52816e+09,43470,71433
1.52816e+09,55144,91158
1.52816e+09,41855,67518
1.52816e+09,45933,75794
1.52816e+09,34556,55927
1.52816e+09,46548,76098
1.52816e+09,246488,411781
1.52816e+09,40212,65553
1.52816e+09,49441,81324
1.52816e+09,35020,56849
1.52816e+09,61374,100531
1.52816e+09,45007,74492
1.52816e+09,66209,99828
1.52816e+09,41082,67236
1.52816e+09,54118,91123
1.52816e+09,52698,87615
1.52816e+09,41101,67248
1.52816e+09,38401,63942
1.52816e+09,44077,73488
1.52816e+09,33162,53746
1.52816e+09,57995,95647
1.52816e+09,42161,69209
1.52816e+09,45896,74939
1.52816e+09,44123,74366
1.52816e+09,46816,76939
1.52816e+09,173137,290398
1.52816e+09,45448,75334
1.52816e+09,94969,159373
1.52816e+09,60555,101159
1.52816e+09,59406,97722
1.52816e+09,47010,77171
1.52816e+09,48716,78601
1.52816e+09,46159,76884
1.52816e+09,55653,92387
1.52816e+09,45718,75328
1.52816e+09,74563,122955
1.52816e+09,85563,144252
1.52816e+09,37440,61973
1.52816e+09,144394,239657
1.52816e+09,69395,113693
1.52816e+09,53422,90520
1.52816e+09,55032,89923
1.52816e+09,62358,105285
1.52816e+09,41700,71093
1.52816e+09,70865,116474
1.52816e+09,330124,549848
1.52816e+09,128399,215117
1.52816e+09,33798,56607
1.52816e+09,34283,55700
1.52816e+09,35793,58498
1.52816e+09,57637,96028
1.52816e+09,49848,81600
1.52816e+09,54498,84030
1.52816e+09,58719,96580
1.52816e+09,65721,107465
1.52816e+09,148851,250513
1.52816e+09,53682,88150
1.52816e+09,99851,158158
1.52816e+09,37286,61216
1.52816e+09,193342,325459
1.52816e+09,44421,74004
1.52816e+09,54233,88213
1.52816e+09,46202,76828
1.52816e+09,42494,68095
1.52816e+09,57064,93798
1.52816e+09,76135,127052
1.52816e+09,59569,101086
1.52816e+09,70972,118837
1.52816e+09,36176,59758
1.52816e+09,443466,-73789
1.52816e+09,131731,217703
1.52816e+09,39980,64233
1.52816e+09,39209,63574
1.52816e+09,38058,64343
1.52816e+09,94191,156859
1.52816e+09,54965,82605
1.52816e+09,35381,58577
1.52816e+09,48947,81172
1.52816e+09,86312,142574
1.52816e+09,112800,188985
1.52816e+09,56430,88794
1.52816e+09,203103,338387
1.52816e+09,119041,197005
1.52816e+09,45464,76100
1.52816e+09,41983,70467
1.52816e+09,301153,502999
1.52816e+09,55683,92015
1.52816e+09,34786,57130
1.52816e+09,74917,124089
1.52816e+09,49265,81672
1.52816e+09,37981,64086
1.52816e+09,37581,61334
1.52816e+09,87975,147190
1.52816e+09,47164,78593
1.52816e+09,53311,88106
1.52816e+09,42935,70684
1.52816e+09,306150,510437
1.52816e+09,41405,70363
1.52816e+09,35288,57726
1.52816e+09,106760,177762
1.52816e+09,40974,66154
1.52816e+09,90272,151316
1.52816e+09,41319,68994
1.52816e+09,51945,86990
1.52816e+09,41258,67488
1.52816e+09,36991,61911
1.52816e+09,57461,95267
1.52816e+09,122138,204397
1.52816e+09,53171,87404
1.52816e+09,56951,95444
1.52816e+09,43517,72239
1.52816e+09,231860,386470
1.52816e+09,41970,68758
1.52816e+09,244800,410805
1.52816e+09,36036,59039
1.52816e+09,67007,111059
1.52816e+09,38097,63596
1.52816e+09,44262,72383
1.52816e+09,40575,66978
1.52816e+09,34704,56569
1.52816e+09,34809,57901
1.52816e+09,61000,100835
1.52816e+09,45479,74821
1.52816e+09,194312,319718
1.52816e+09,37742,62490
1.52816e+09,34576,56549
1.52816e+09,40048,67480
1.52816e+09,49319,82019
1.52816e+09,36601,60436
1.52816e+09,150931,252013
1.52816e+09,64683,108435
1.52816e+09,49649,82620
1.52816e+09,37801,63062
1.52816e+09,38639,65074
1.52816e+09,39637,66389
1.52816e+09,45195,74458
1.52816e+09,40178,54916
1.52816e+09,51475,87557
1.52816e+09,46843,75682
1.52816e+09,55644,91760
1.52816e+09,41002,68305
1.52816e+09,42930,69733
1.52816e+09,53665,88583
1.52816e+09,39197,65328
1.52816e+09,82460,137022
1.52816e+09,50007,83011
1.52816e+09,40017,65972
1.52816e+09,49488,82301
1.52816e+09,47223,78932
1.52816e+09,39284,64021
1.52816e+09,64838,108103
1.52816e+09,64495,109624
1.52816e+09,32751,53141
1.52816e+09,47798,79119
1.52816e+09,49730,80891
1.52816e+09,64329,107660
1.52816e+09,45039,73820
1.52816e+09,49641,80765
1.52816e+09,81876,136118
1.52816e+09,80109,130763
1.52816e+09,49629,82796
1.52816e+09,42198,69910
1.52816e+09,48601,82388
1.52816e+09,41818,67905
1.52816e+09,55536,90772
1.52816e+09,50982,84167
1.52816e+09,53639,88868
1.52816e+09,45026,73873
1.52816e+09,64606,107688
1.52816e+09,44744,72904
1.52816e+09,35349,57537
1.52816e+09,62100,103411
1.52816e+09,34010,56076
1.52816e+09,75814,124929
1.52816e+09,34009,54992
1.52816e+09,45099,76307
1.52816e+09,83645,139971
1.52816e+09,60100,98310
1.52816e+09,37400,62173
1.52816e+09,49702,82616
1.52816e+09,35346,59072
1.52816e+09,37530,60334
1.52816e+09,49599,82269
1.52816e+09,63983,105704
1.52816e+09,74919,124883
1.52816e+09,100848,168257
1.52816e+09,64990,107037
1.52816e+09,73701,123268
1.52816e+09,69717,116871
1.52816e+09,40877,66150
1.52816e+09,56336,92996
1.52816e+09,41801,69038
1.52816e+09,51220,84693
1.52816e+09,45215,74913
1.52816e+09,41852,69619
1.52816e+09,56572,94721
1.52816e+09,37661,63546
1.52816e+09,60460,100205
1.52816e+09,143054,237966
1.52816e+09,105835,177462
1.52816e+09,77715,128106
1.52816e+09,44407,72295
1.52816e+09,35173,57727
1.52816e+09,65119,105265
1.52816e+09,50129,81027
1.52816e+09,46801,78314
1.52816e+09,47704,78165
1.52816e+09,88990,147723
1.52816e+09,49070,80417
1.52816e+09,42026,69344
1.52816e+09,45885,74472
1.52816e+09,59853,99035
1.52816e+09,44242,74299
1.52816e+09,70036,117733
1.52816e+09,40603,66887
1.52816e+09,48453,80617
1.52816e+09,38278,63987
1.52816e+09,36551,60315
1.52816e+09,47388,77887
1.52816e+09,47526,76962
1.52816e+09,46920,76421
1.52816e+09,55512,90649
1.52816e+09,44723,75026
1.52816e+09,41523,66695
1.52816e+09,65796,110311
1.52816e+09,41430,67718
1.52816e+09,39427,64374
1.52816e+09,40627,65595
1.52816e+09,39058,64630
1.52816e+09,44787,73140
1.52816e+09,85170,141403
1.52816e+09,37705,60293
1.52816e+09,65352,109363
1.52816e+09,124287,207522
1.52816e+09,65533,108705
1.52816e+09,39656,66492
1.52816e+09,58870,98118
1.52816e+09,37254,61685
1.52816e+09,39706,64772
1.52816e+09,122260,202909
1.52816e+09,52606,87556
1.52816e+09,42569,68967
1.52816e+09,48740,80156
1.52816e+09,34080,56759
1.52816e+09,43941,73437
1.52816e+09,48783,80993
1.52816e+09,63316,105641
1.52816e+09,40823,66706
1.52816e+09,43555,71613
1.52816e+09,43468,72054
1.52816e+09,51305,84501
1.52816e+09,54212,88946
1.52816e+09,209326,349758
1.52816e+09,64290,105720
1.52816e+09,54315,89087
1.52816e+09,46635,76358
1.52816e+09,58444,98341
1.52816e+09,54052,90317
1.52816e+09,123391,207587
1.52816e+09,51607,85239
1.52816e+09,177605,298995
1.52816e+09,128455,214092
1.52816e+09,40888,69749
1.52816e+09,45220,74624
1.52816e+09,57984,96114
1.52816e+09,62467,102044
1.52816e+09,40080,67640
1.52816e+09,67583,113847
1.52816e+09,42113,70600
1.52816e+09,50913,84123
1.52816e+09,47065,77974
1.52816e+09,49123,81961
1.52816e+09,44579,74164
1.52816e+09,38342,63353
1.52816e+09,44857,73811
1.52816e+09,44575,73285
1.52816e+09,62237,104328
1.52816e+09,36413,58938
1.52816e+09,83487,139993
1.52816e+09,70518,117775
1.52816e+09,140506,234151
1.52816e+09,47085,78475
1.52816e+09,43437,72534
1.52816e+09,70856,117650
1.52816e+09,37029,61084
1.52816e+09,42403,70789
1.52816e+09,40129,66255
1.52816e+09,91103,151975
1.52816e+09,82609,138533
1.52816e+09,72335,121888
1.52816e+09,39670,66167
1.52816e+09,42968,70365
1.52816e+09,38691,64155
1.52816e+09,43269,70570
1.52816e+09,75126,124452
1.52816e+09,80797,130331
1.52816e+09,52443,84896
1.52816e+09,43768,73081
1.52816e+09,41066,67804
1.52816e+09,39352,64527
1.52816e+09,96628,161209
1.52816e+09,53967,88776
1.52816e+09,35008,57578
1.52816e+09,153235,246005
1.52816e+09,37251,61387
1.52816e+09,72778,120864
1.52816e+09,85241,142506
1.52816e+09,37663,60424
1.52816e+09,49928,82763
1.52816e+09,53865,90693
1.52816e+09,124969,209681
1.52816e+09,73310,122712
1.52816e+09,38165,63600
1.52816e+09,36309,59975
1.52816e+09,39101,63172
1.52816e+09,71345,119675
1.52816e+09,55798,93885
1.52816e+09,89286,147761
1.52816e+09,42103,68671
1.52816e+09,33397,54269
1.52816e+09,44733,75031
1.52816e+09,53740,89396
1.52816e+09,50709,83088
1.52816e+09,99512,165478
1.52816e+09,40371,67569
1.52816e+09,72424,120469
1.52816e+09,107427,177983
1.52816e+09,36671,60471
1.52816e+09,56786,97713
1.52816e+09,39345,64913
1.52816e+09,39922,66496
1.52816e+09,105690,178104
1.52816e+09,54667,91893
1.52816e+09,50451,83111
1.52816e+09,42710,69583
1.52816e+09,39800,65437
1.52816e+09,68344,113539
1.52816e+09,38726,63855
1.52816e+09,43320,71392
1.52816e+09,117244,195866
1.52816e+09,140129,232025
1.52816e+09,64379,108310
1.52816e+09,34280,56526
1.52816e+09,48772,81066
1.52816e+09,43230,70970
1.52816e+09,41888,68930
1.52816e+09,43801,73431
1.52816e+09,65029,108483
1.52816e+09,41022,67662
1.52816e+09,84995,146206
1.52816e+09,50497,81433
1.52816e+09,56830,94614
1.52816e+09,30362,49193
1.52816e+09,37445,59877
1.52816e+09,43584,72812
1.52816e+09,153829,258460
1.52816e+09,38731,62612
1.52816e+09,36202,59448
1.52816e+09,136322,228941
1.52816e+09,46437,75534
1.52816e+09,86628,144300
1.52816e+09,128004,213859
1.52816e+09,79223,133470
1.52816e+09,45064,73539
1.52816e+09,37855,62081
1.52816e+09,35066,58244
1.52816e+09,42879,70293
1.52816e+09,53567,88729
1.52816e+09,89059,149631
1.52816e+09,40278,67283
1.52816e+09,41512,69005
1.52816e+09,56749,93438
1.52816e+09,59316,99285
1.52816e+09,37564,62247
1.52816e+09,53288,87910
1.52816e+09,41066,69291
1.52816e+09,86942,143944
1.52816e+09,230954,388184
1.52816e+09,67814,113419
1.52816e+09,52235,86825
1.52816e+09,36775,61367
1.52816e+09,58745,97967
1.52816e+09,66344,108328
1.52816e+09,87486,145924
1.52816e+09,69090,115823
1.52816e+09,79547,132123
1.52816e+09,50589,83729
1.52816e+09,160663,268752
1.52816e+09,100756,166169
1.52816e+09,42452,70145
1.52816e+09,168789,282031
1.52816e+09,47898,79822
1.52816e+09,63397,106981
1.52816e+09,48413,79661
1.52816e+09,49792,82878
1.52816e+09,40877,68049
1.52816e+09,39116,63442
1.52816e+09,53534,89510
1.52816e+09,183583,306765
1.52816e+09,91547,152605
1.52816e+09,37931,61164
1.52816e+09,54375,89908
1.52816e+09,48327,79476
1.52816e+09,43235,71677
1.52816e+09,45843,75769
1.52816e+09,38465,64747
1.52816e+09,45643,75688
1.52816e+09,45454,73491
1.52816e+09,41416,67639
1.52816e+09,42875,71262
1.52816e+09,58158,98306
1.52816e+09,37823,62811
1.52816e+09,49436,81370
1.52816e+09,44071,73708
1.52816e+09,59268,98560
1.52816e+09,45199,75338
1.52816e+09,39501,64752
1.52816e+09,38985,63297
1.52816e+09,39375,65025
1.52816e+09,53965,90491
1.52816e+09,37675,60779
1.52816e+09,91477,151814
1.52816e+09,37923,62824
1.52816e+09,66538,109285
1.52816e+09,40971,67812
1.52816e+09,216012,361018
1.52816e+09,42787,69894
1.52816e+09,53373,88355
1.52816e+09,41509,68436
1.52816e+09,34771,55854
1.52816e+09,68110,111439
1.52816e+09,37951,62044
1.52816e+09,54089,88759
1.52816e+09,40612,66795
1.52816e+09,36050,59150
1.52816e+09,38882,63575
1.52816e+09,39915,65916
1.52816e+09,144062,241156
1.52816e+09,38012,61958
1.52816e+09,48825,80763
1.52816e+09,41586,67799
1.52816e+09,35507,58310
1.52816e+09,122676,203652
1.52816e+09,77925,130205
1.52816e+09,41155,67200
1.52816e+09,106478,177156
1.52816e+09,42701,71522
1.52816e+09,49173,77649
1.52816e+09,46491,76548
1.52816e+09,412703,689947
1.52816e+09,72108,119420
1.52816e+09,42238,70232
1.52816e+09,51921,85577
1.52816e+09,76305,126498
1.52816e+09,71914,119179
1.52816e+09,98773,164098
1.52816e+09,68343,113297
1.52816e+09,122353,204849
1.52816e+09,40498,68104
1.52816e+09,150413,253097
1.52816e+09,45653,75969
1.52816e+09,39365,64869
1.52816e+09,37205,60669
1.52816e+09,39881,66317
1.52816e+09,45078,73158
1.52816e+09,37448,62593
1.52816e+09,32077,52290
1.52816e+09,46688,76054
1.52816e+09,37177,61534
1.52816e+09,49256,82533
1.52816e+09,34136,57575
1.52816e+09,38048,63241
1.52816e+09,92386,154121
1.52816e+09,51315,85880
1.52816e+09,46662,75741
1.52816e+09,36378,60771
1.52816e+09,45073,74737
1.52816e+09,40770,67630
1.52816e+09,97867,162495
1.52816e+09,76425,129337
1.52816e+09,64884,109222
1.52816e+09,39830,65898
1.52816e+09,53901,90429
1.52816e+09,41052,68314
1.52816e+09,68433,115312
1.52816e+09,52785,86626
1.52816e+09,35952,59545
1.52816e+09,55662,91289
1.52816e+09,44518,73911
1.52816e+09,66485,108965
1.52816e+09,39876,66086
1.52816e+09,46104,75687
1.52816e+09,59692,98336
1.52816e+09,41593,67208
1.52816e+09,63215,104202
1.52816e+09,58405,96573
1.52816e+09,108257,170497
1.52816e+09,53209,87648
1.52816e+09,43905,71940
1.52816e+09,38936,64161
1.52816e+09,206900,347372
1.52816e+09,63046,103362
1.52816e+09,41781,69271
1.52816e+09,36589,61697
1.52816e+09,66983,111312
1.52816e+09,78045,131124
1.52816e+09,98433,164587
1.52816e+09,44583,73922
1.52816e+09,49720,81278
1.52816e+09,47415,79596
1.52816e+09,54140,89794
1.52816e+09,55247,90194
1.52816e+09,39184,64027
1.52816e+09,37210,61660
1.52816e+09,37388,60255
1.52816e+09,44733,73745
1.52816e+09,51716,84912
1.52816e+09,83684,138937
1.52816e+09,34901,56944
1.52816e+09,42154,71124
1.52816e+09,55591,92248
1.52816e+09,39532,65277
1.52816e+09,43525,70866
1.52816e+09,52353,85907
1.52816e+09,47918,79646
1.52816e+09,37149,59191
1.52816e+09,47943,79140
1.52816e+09,74351,123775
1.52816e+09,212138,353576
1.52816e+09,36087,60352
1.52816e+09,145695,235405
1.52816e+09,44916,74812
1.52816e+09,95938,157566
1.52816e+09,126000,210365
1.52816e+09,59338,99268
1.52816e+09,40392,66883
1.52816e+09,76892,127424
1.52816e+09,39829,65941
1.52816e+09,121547,202695
1.52816e+09,42845,69852
1.52816e+09,59734,97062
1.52816e+09,65692,109494
1.52816e+09,46625,76994
1.52816e+09,42825,72338
1.52816e+09,90160,149962
1.52816e+09,100788,168087
1.52816e+09,45004,75572
1.52816e+09,41361,67167
1.52816e+09,32945,53732
1.52816e+09,42292,71757
1.52816e+09,40080,67689
1.52816e+09,54603,90952
1.52816e+09,57215,94926
1.52816e+09,47728,79123
1.52816e+09,35201,56816
1.52816e+09,44323,73255
1.52816e+09,67674,112436
1.52816e+09,35918,58992
1.52816e+09,52813,88934
1.52816e+09,49616,81416
1.52816e+09,43999,73922
1.52816e+09,78426,130999
1.52816e+09,41478,69505
1.52816e+09,72100,119681
1.52816e+09,43565,70562
1.52816e+09,45565,74983
1.52816e+09,43096,71250
1.52816e+09,52256,87103
1.52816e+09,76916,132519
1.52816e+09,40194,65932
1.52816e+09,37325,61639
1.52816e+09,35843,59170
1.52816e+09,125033,207909
1.52816e+09,40217,65518
1.52816e+09,40251,65865
1.52816e+09,37654,62387
1.52816e+09,72372,118475
1.52816e+09,37573,61455
1.52816e+09,69199,115839
1.52816e+09,200129,334312
1.52816e+09,54460,89501
1.52816e+09,41324,67322
1.52816e+09,36676,60243
1.52816e+09,41956,68419
1.52816e+09,86954,145821
1.52816e+09,35245,57696
1.52816e+09,65294,108760
1.52816e+09,47179,78289
1.52816e+09,92991,153688
1.52816e+09,97983,162306
1.52816e+09,52347,86110
1.52816e+09,38780,64093
1.52816e+09,45738,76013
1.52816e+09,45564,74834
1.52816e+09,45573,75470
1.52816e+09,45754,74957
1.52816e+09,36350,60201
1.52816e+09,36630,60282
1.52816e+09,109274,182701
1.52816e+09,55994,92555
1.52816e+09,110357,185897
1.52816e+09,39856,66690
1.52816e+09,42337,70943
1.52816e+09,88322,145976
1.52816e+09,104592,174182
1.52816e+09,41031,68187
1.52816e+09,36199,59346
1.52816e+09,97806,155398
1.52816e+09,55486,91078
1.52816e+09,47497,78076
1.52816e+09,44783,73850
1.52816e+09,43862,73090
1.52816e+09,48429,80492
1.52816e+09,46100,75358
1.52816e+09,78980,131250
1.52816e+09,38266,62837
1.52816e+09,45520,74996
1.52816e+09,72548,119796
1.52816e+09,232539,388173
1.52816e+09,62941,104378
1.52816e+09,261704,436976
1.52816e+09,40945,66720
1.52816e+09,79725,132220
1.52816e+09,44132,73490
1.52816e+09,113742,188693
1.52816e+09,35955,58413
1.52816e+09,35204,56891
1.52816e+09,48480,81222
1.52816e+09,37287,61254
1.52816e+09,67935,113429
1.52816e+09,48654,82055
1.52816e+09,48289,80830
1.52816e+09,119351,199970
1.52816e+09,39879,64680
1.52816e+09,41263,68717
1.52816e+09,41274,69278
1.52816e+09,76148,124325
1.52816e+09,73240,123335
1.52816e+09,45606,73974
1.52816e+09,85758,142993
1.52816e+09,82138,136564
1.52816e+09,39223,62609
1.52816e+09,51365,83032
1.52816e+09,176933,296699
1.52816e+09,55270,91565
1.52816e+09,48161,78776
1.52816e+09,111400,185731
1.52816e+09,44201,70744
1.52816e+09,123715,207427
1.52816e+09,35981,59433
1.52816e+09,71261,117432
1.52816e+09,49267,82500
1.52816e+09,40335,64831
1.52816e+09,37908,61674
1.52816e+09,113698,190424
1.52816e+09,55217,88045
1.52816e+09,70326,116219
1.52816e+09,33986,56102
1.52816e+09,36971,62047
1.52816e+09,36723,59941
1.52816e+09,145688,244478
1.52816e+09,36896,60591
1.52816e+09,34504,56002
1.52816e+09,131894,220347
1.52816e+09,45635,76599
1.52816e+09,37305,64092
1.52816e+09,37761,62638
1.52816e+09,39632,65683
1.52816e+09,95219,159374
1.52816e+09,170714,284889
1.52816e+09,37791,62150
1.52816e+09,38592,63382
1.52816e+09,56895,108766
1.52816e+09,36725,60594
1.52816e+09,47460,79181
1.52816e+09,41904,69333
1.52816e+09,49461,82658
1.52816e+09,53155,88110
1.52816e+09,63214,105484
1.52816e+09,42269,68903
1.52816e+09,43091,70592
1.52816e+09,45023,73665
1.52816e+09,65505,108181
1.52816e+09,39020,64967
1.52816e+09,37279,61231
1.52816e+09,270691,453809
1.52816e+09,39568,65653
1.52816e+09,131296,217870
1.52816e+09,41166,68670
1.52816e+09,79449,132563
1.52816e+09,42506,71174
1.52816e+09,32611,52771
1.52816e+09,58238,96706
1.52816e+09,53392,88536
1.52816e+09,75517,122189
1.52816e+09,43876,71278
1.52816e+09,47646,78991
1.52816e+09,37311,62687
1.52816e+09,41167,68927
1.52816e+09,60155,98800
1.52816e+09,42432,69931
1.52816e+09,45192,75253
1.52816e+09,44798,73321
1.52816e+09,216313,344298
1.52816e+09,56041,92129
1.52816e+09,35919,60460
1.52816e+09,77051,127542
1.52816e+09,89945,148626
1.52816e+09,85112,141309
1.52816e+09,54221,90146
1.52816e+09,36211,59164
1.52816e+09,40005,64751
1.52816e+09,99479,165417
1.52816e+09,42155,70717
1.52816e+09,68317,114070
1.52816e+09,39565,64610
1.52816e+09,52112,86910
1.52816e+09,66807,110591
1.52816e+09,35561,56705
1.52816e+09,42651,69275
1.52816e+09,62610,103188
1.52816e+09,48112,80233
1.52816e+09,43722,72661
1.52816e+09,38728,62200
1.52816e+09,60264,99549
1.52816e+09,46061,76629
1.52816e+09,66964,111545
1.52816e+09,84178,140359
1.52816e+09,35855,60295
1.52816e+09,45794,75591
1.52816e+09,39496,65048
1.52816e+09,38776,64316
1.52816e+09,42545,70657
1.52816e+09,33539,54188
1.52816e+09,35869,58602
1.52816e+09,39980,67204
1.52816e+09,73778,122888
1.52816e+09,84147,141066
1.52816e+09,40579,66542
1.52816e+09,66317,109676
1.52816e+09,141384,234031
1.52816e+09,37687,61371
1.52816e+09,41195,67840
1.52816e+09,48001,78463
1.52816e+09,44480,73200
1.52816e+09,44752,73038
1.52816e+09,63036,105936
1.52816e+09,127012,211532
1.52816e+09,36437,59511
1.52816e+09,-1.16485e+06,-2.58361e+06
1.52816e+09,40976,66200
1.52816e+09,61623,103607
1.52816e+09,43498,72023
1.52816e+09,35530,55736
1.52816e+09,56014,93861
1.52816e+09,37869,60948
1.52816e+09,60772,100599
1.52816e+09,55106,90713
1.52816e+09,111289,182720
1.52816e+09,96592,160287
1.52816e+09,60842,99324
1.52816e+09,38567,63591
1.52816e+09,61114,101880
1.52816e+09,71830,135062
1.52816e+09,41859,68737
1.52816e+09,34938,56595
1.52816e+09,37045,61805
1.52816e+09,43661,72823
1.52816e+09,62434,103578
1.52816e+09,39568,65051
1.52816e+09,36060,58428
1.52816e+09,37045,60269
1.52816e+09,52469,87218
1.52816e+09,41051,68123
1.52816e+09,50104,84837
1.52816e+09,204615,342910
1.52816e+09,44332,71674
1.52816e+09,56684,93963
1.52816e+09,42750,71869
1.52816e+09,39046,63999
1.52816e+09,46373,75258
1.52816e+09,67664,111857
1.52816e+09,449710,750379
1.52816e+09,41231,66049
1.52816e+09,57655,95433
1.52816e+09,38248,63121
1.52816e+09,68952,116442
1.52816e+09,50568,83655
1.52816e+09,93298,155854
1.52816e+09,53421,89060
1.52816e+09,61884,100705
1.52816e+09,33536,53396
1.52816e+09,56681,93231
1.52816e+09,89278,147133
1.52816e+09,52774,88059
1.52816e+09,53321,88454
1.52816e+09,51993,85406
1.52816e+09,35815,58468
1.52816e+09,97721,162943
1.52816e+09,43488,70762
1.52816e+09,39103,64405
1.52816e+09,59892,99925
1.52816e+09,56123,93255
1.52816e+09,45885,75833
1.52816e+09,61494,101114
1.52816e+09,41480,69133
1.52816e+09,45667,75592
1.52816e+09,62928,104483
1.52816e+09,51122,84109
1.52816e+09,82450,137574
1.52816e+09,67792,112067
1.52816e+09,48734,79474
1.52816e+09,58247,96031
1.52816e+09,38328,64156
1.52816e+09,75190,126375
1.52816e+09,140357,235354
1.52816e+09,35960,58682
1.52816e+09,39371,63940
1.52816e+09,74044,124125
1.52816e+09,37769,61456
1.52816e+09,63681,105046
1.52816e+09,50797,83758
1.52816e+09,211073,353861
1.52816e+09,50681,83407
1.52816e+09,67640,111703
1.52816e+09,52003,85778
1.52816e+09,57674,95080
1.52816e+09,46089,75693
1.52816e+09,43237,69950
1.52816e+09,301586,505048
1.52816e+09,46575,77240
1.52816e+09,94076,155846
1.52816e+09,52904,87876
1.52816e+09,66678,111251
1.52816e+09,37744,61886
1.52816e+09,45045,74191
1.52816e+09,48223,80860
1.52816e+09,76555,129605
1.52816e+09,41397,69165
1.52816e+09,36650,61122
1.52816e+09,32905,46432
1.52816e+09,131263,216564
1.52816e+09,36950,61229
1.52816e+09,44226,72321
1.52816e+09,45022,74022
1.52816e+09,96538,160123
1.52816e+09,86029,141485
1.52816e+09,35646,59168
1.52816e+09,53247,88651
1.52816e+09,38943,64709
1.52816e+09,176891,296927
1.52816e+09,41271,68789
1.52816e+09,45212,76060
1.52816e+09,42197,70518
1.52816e+09,40444,67204
1.52816e+09,41884,69327
1.52816e+09,36970,61522
1.52816e+09,45150,74180
1.52816e+09,35712,58234
1.52816e+09,47434,78401
1.52816e+09,52187,87560
1.52816e+09,42289,68749
1.52816e+09,35653,58065
1.52816e+09,56307,94400
1.52816e+09,40644,65340
1.52816e+09,206001,346357
1.52816e+09,80979,135549
1.52816e+09,138026,232470
1.52816e+09,51325,86672
1.52816e+09,41486,68645
1.52816e+09,37292,61356
1.52816e+09,41556,68668
1.52816e+09,45943,76659
1.52816e+09,40248,67753
1.52816e+09,53944,89925
1.52816e+09,46439,77429
1.52816e+09,116098,190432
1.52816e+09,60507,100061
1.52816e+09,120808,201149
1.52816e+09,41068,64966
1.52816e+09,45895,76789
1.52816e+09,50560,83709
1.52816e+09,45217,73879
1.52816e+09,123505,206057
1.52816e+09,51446,98484
1.52816e+09,42107,69745
1.52816e+09,186098,310400
1.52816e+09,38577,62939
1.52816e+09,53084,87953
1.52816e+09,54761,88931
1.52816e+09,128637,215162
1.52816e+09,39340,63932
1.52816e+09,37178,60488
1.52816e+09,66188,110118
1.52816e+09,42866,70247
1.52816e+09,42962,71888
1.52816e+09,148358,247747
1.52816e+09,39976,64237
1.52816e+09,36398,59082
1.52816e+09,61485,101552
1.52816e+09,50930,85022
1.52816e+09,47271,78118
1.52816e+09,69986,115961
1.52816e+09,371296,622161
1.52816e+09,35877,60562
1.52816e+09,38458,63141
1.52816e+09,40725,68944
1.52816e+09,34692,57042
1.52816e+09,48092,79729
1.52816e+09,39113,65130
1.52816e+09,37486,62694
1.52816e+09,36932,60765
1.52816e+09,37987,63565
1.52816e+09,526401,880427
1.52816e+09,76495,127557
1.52816e+09,126260,210666
1.52816e+09,163474,272654
1.52816e+09,73654,123951
1.52816e+09,46794,77343
1.52816e+09,38311,62168
1.52816e+09,76208,127049
1.52816e+09,65385,109445
1.52816e+09,56525,94752
1.52816e+09,224570,389931
1.52816e+09,37499,61610
1.52816e+09,74064,124054
1.52816e+09,115113,191086
1.52816e+09,44304,74129
1.52816e+09,53382,87883
1.52816e+09,45113,76435
1.52816e+09,75919,125782
1.52816e+09,69392,115452
1.52816e+09,57095,94255
1.52816e+09,47399,78748
1.52816e+09,58885,99201
1.52816e+09,44550,72427
1.52816e+09,38458,63651
1.52816e+09,50169,82952
1.52816e+09,96270,161556
1.52816e+09,108291,180277
1.52816e+09,37410,61317
1.52816e+09,39350,64416
1.52816e+09,39945,66255
1.52816e+09,43976,74497
1.52816e+09,37529,60502
1.52816e+09,181779,302270
1.52816e+09,41230,66846
1.52816e+09,36601,58901
1.52816e+09,40309,65963
1.52816e+09,40667,66821
1.52816e+09,46947,78878
1.52816e+09,40033,63202
1.52816e+09,65186,107929
1.52816e+09,39064,63521
1.52816e+09,38516,62753
1.52816e+09,133492,222883
1.52816e+09,48712,81029
1.52816e+09,40551,67805
1.52816e+09,59048,97694
1.52816e+09,103117,172950
1.52816e+09,39991,65494
1.52816e+09,39915,65229
1.52816e+09,42131,69634
1.52816e+09,52697,86042
1.52816e+09,40794,67841
1.52816e+09,67396,110189
1.52816e+09,82240,120840
1.52816e+09,46974,77761
1.52816e+09,53097,87808
1.52816e+09,138214,230037
1.52816e+09,66646,110133
1.52816e+09,71119,118073
1.52816e+09,43055,71780
1.52816e+09,161785,271061
1.52816e+09,59353,96973
1.52816e+09,47189,77577
1.52816e+09,78879,132229
1.52816e+09,41053,67647
1.52816e+09,209113,348521
1.52816e+09,33770,54964
1.52816e+09,37268,60850
1.52816e+09,36823,62083
1.52816e+09,47753,79124
1.52816e+09,83610,137302
1.52816e+09,40362,67519
1.52816e+09,48229,80967
1.52816e+09,133700,224118
1.52816e+09,48243,79875
1.52816e+09,40923,67363
1.52816e+09,59509,100739
1.52816e+09,103014,172715
1.52816e+09,38167,63313
1.52816e+09,38313,62752
1.52816e+09,39391,64851
1.52816e+09,53658,87666
1.52816e+09,135102,223858
1.52816e+09,42733,70996
1.52816e+09,53189,88445
1.52816e+09,39788,66509
1.52816e+09,169869,276013
1.52816e+09,36469,60135
1.52816e+09,73307,121909
1.52816e+09,44568,72809
1.52816e+09,54749,90550
1.52816e+09,40938,67701
1.52816e+09,40454,67473
1.52816e+09,97928,164377
1.52816e+09,50392,84831
1.52816e+09,150980,228480
1.52816e+09,35610,57440
1.52816e+09,34669,58530
1.52816e+09,37908,62443
1.52816e+09,173052,288849
1.52816e+09,50816,84080
1.52816e+09,95557,159846
1.52816e+09,36478,60006
1.52816e+09,70332,117218
1.52816e+09,97580,163226
1.52816e+09,67126,111180
1.52816e+09,63697,102378
1.52816e+09,41555,68594
1.52816e+09,51390,82604
1.52816e+09,53650,88744
1.52816e+09,39752,64294
1.52816e+09,40815,65664
1.52816e+09,50535,83983
1.52816e+09,68090,112838
1.52816e+09,79564,132291
1.52816e+09,74482,123743
1.52816e+09,132128,217290
1.52816e+09,68814,113029
1.52816e+09,76725,128551
1.52816e+09,54540,90364
1.52816e+09,94817,159181
1.52816e+09,46425,77670
1.52816e+09,178418,299639
1.52816e+09,39543,64279
1.52816e+09,42527,70015
1.52816e+09,40152,67901
1.52816e+09,46908,78579
1.52816e+09,93474,152930
1.52816e+09,44098,73663
1.52816e+09,117903,194840
1.52816e+09,95144,159188
1.52816e+09,36232,59695
1.52816e+09,102273,170120
1.52816e+09,46829,78151
1.52816e+09,42842,70310
1.52816e+09,68996,114501
1.52816e+09,65069,106448
1.52816e+09,56698,93558
1.52816e+09,36961,61714
1.52816e+09,67885,109279
1.52816e+09,38761,65519
1.52816e+09,39710,66693
1.52816e+09,59451,97993
1.52816e+09,71258,118126
1.52816e+09,63900,105235
1.52816e+09,72939,121015
1.52816e+09,214180,361127
1.52816e+09,67201,112104
1.52816e+09,40228,65639
1.52816e+09,62137,101961
1.52816e+09,67940,113414
1.52816e+09,90067,150752
1.52816e+09,52913,87785
1.52816e+09,39673,65559
1.52816e+09,40212,67929
1.52816e+09,43747,72814
1.52816e+09,86064,145087
1.52816e+09,38096,61789
1.52816e+09,39728,65508
1.52816e+09,38365,64265
1.52816e+09,37647,61524
1.52816e+09,37851,60632
1.52816e+09,39901,67586
1.52816e+09,96294,162218
1.52816e+09,42362,69224
1.52816e+09,72052,119599
1.52816e+09,42421,69711
1.52816e+09,46827,78416
1.52816e+09,36290,61814
1.52816e+09,43670,71493
1.52816e+09,39695,64745
1.52816e+09,39225,64510
1.52816e+09,35531,58441
1.52816e+09,37570,61269
1.52816e+09,42970,70981
1.52816e+09,42029,70567
1.52816e+09,45996,74369
1.52816e+09,66533,111772
1.52816e+09,45230,75275
1.52816e+09,108992,182825
1.52816e+09,39014,64205
1.52816e+09,46464,77121
1.52816e+09,62731,103573
1.52816e+09,39875,66604
1.52816e+09,40860,66499
1.52816e+09,72599,120648
1.52816e+09,35891,60814
1.52816e+09,40683,66856
1.52816e+09,146320,235256
1.52816e+09,142226,237918
1.52816e+09,42994,72346
1.52816e+09,104975,177670
1.52816e+09,35115,57640
1.52816e+09,134099,224811
1.52816e+09,68966,114063
1.52816e+09,44067,73747
1.52816e+09,40276,67391
1.52816e+09,45826,76792
1.52816e+09,92827,154594
1.52816e+09,48033,79858
1.52816e+09,39259,64784
1.52816e+09,43638,70428
1.52816e+09,39936,64927
1.52816e+09,39902,66529
1.52816e+09,53355,88143
1.52816e+09,54953,91991
1.52816e+09,42736,71639
1.52816e+09,52582,88615
1.52816e+09,41614,67732
1.52816e+09,344008,577891
1.52816e+09,93209,152342
1.52816e+09,57083,95336
1.52816e+09,42084,68440
1.52816e+09,59717,98061
1.52816e+09,41039,67288
1.52816e+09,40691,66943
1.52816e+09,73381,121448
1.52816e+09,37760,64145
1.52816e+09,114461,191394
1.52816e+09,37736,61786
1.52816e+09,35976,59293
1.52816e+09,37454,51900
1.52816e+09,38949,64647
1.52816e+09,34514,56987
1.52816e+09,172044,285655
1.52816e+09,56368,91853
1.52816e+09,75712,124188
1.52816e+09,37518,61217
1.52816e+09,38417,62258
1.52816e+09,143236,239464
1.52816e+09,60704,100850
1.52816e+09,53788,90390
1.52816e+09,38492,63494
1.52816e+09,39767,65278
1.52816e+09,56260,92422
1.52816e+09,35082,57275
1.52816e+09,58729,96803
1.52816e+09,70321,115181
1.52816e+09,720635,1.20237e+06
1.52816e+09,36843,61112
1.52816e+09,40953,66260
1.52816e+09,52269,87178
1.52816e+09,41863,68993
1.52816e+09,101258,168538
1.52816e+09,46246,77158
1.52816e+09,43382,70968
1.52816e+09,35935,58832
1.52816e+09,42053,70784
1.52816e+09,42738,71102
1.52816e+09,39132,64820
1.52816e+09,40997,69139
1.52816e+09,53039,87840
1.52816e+09,103423,169963
1.52816e+09,53134,87456
1.52816e+09,71481,118160
1.52816e+09,38048,61976
1.52816e+09,51899,86265
1.52816e+09,56543,94424
1.52816e+09,38424,63442
1.52816e+09,37570,61077
1.52816e+09,39712,63515
1.52816e+09,72915,122599
1.52816e+09,38884,64897
1.52816e+09,56925,94660
1.52816e+09,45910,74913
1.52816e+09,74817,123610
1.52816e+09,75344,128349
1.52816e+09,47219,77386
1.52816e+09,41747,69424
1.52816e+09,64900,106080
1.52816e+09,92130,152434
1.52816e+09,175592,293335
1.52816e+09,45511,88862
1.52816e+09,34930,57382
1.52816e+09,48242,79650
1.52816e+09,85015,143895
1.52816e+09,72741,121308
1.52816e+09,56372,93021
1.52816e+09,78574,132965
1.52816e+09,49858,82913
1.52816e+09,61553,100933
1.52816e+09,153758,257273
1.52816e+09,50118,82158
1.52816e+09,235104,395227
1.52816e+09,70378,116116
1.52816e+09,150516,235045
1.52816e+09,64010,106773
1.52816e+09,41015,68461
1.52816e+09,37178,62155
1.52816e+09,41552,67269
1.52816e+09,54839,89176
1.52816e+09,69406,114761
1.52816e+09,39104,64183
1.52816e+09,41052,67221
1.52816e+09,34743,54681
1.52816e+09,36528,59558
1.52816e+09,38223,61844
1.52816e+09,45648,75520
1.52816e+09,49975,83041
1.52816e+09,56463,93270
1.52816e+09,54072,89086
1.52816e+09,48177,79909
1.52816e+09,36864,59787
1.52816e+09,47086,78626
1.52816e+09,60687,100465
1.52816e+09,46213,76528
1.52816e+09,35086,58181
1.52816e+09,42504,70070
1.52816e+09,70163,116816
1.52816e+09,254327,424801
1.52816e+09,35914,57293
1.52816e+09,44896,74353
1.52816e+09,61953,103489
1.52816e+09,41212,67633
1.52816e+09,43995,74786
1.52816e+09,45788,74595
1.52816e+09,43062,70829
1.52816e+09,222641,373200
1.52816e+09,208993,348546
1.52816e+09,47809,78229
1.52816e+09,38612,62832
1.52816e+09,50669,85966
1.52816e+09,71546,119893
1.52816e+09,59766,102089
1.52816e+09,40879,66007
1.52816e+09,42421,69327
1.52816e+09,41080,67882
1.52816e+09,57578,90369
1.52816e+09,50413,84680
1.52816e+09,154754,257649
1.52816e+09,37057,58725
1.52816e+09,152439,256518
1.52816e+09,61965,101586
1.52816e+09,41411,68520
1.52816e+09,42897,71772
1.52816e+09,56064,93509
1.52816e+09,54076,90870
1.52816e+09,61175,100126
1.52816e+09,40325,66160
1.52816e+09,43877,71958
1.52816e+09,34885,56972
1.52816e+09,41721,68757
1.52816e+09,122676,203624
1.52816e+09,36387,60292
1.52816e+09,36878,60936
1.52816e+09,42288,70276
1.52816e+09,87491,145544
1.52816e+09,207221,347066
1.52816e+09,48556,79641
1.52816e+09,34994,58626
1.52816e+09,87000,144830
1.52816e+09,40623,66064
1.52816e+09,283457,474596
1.52816e+09,34692,56684
1.52816e+09,44041,72153
1.52816e+09,33911,54551
1.52816e+09,74711,125148
1.52816e+09,46229,75738
1.52816e+09,91409,152522
1.52816e+09,45745,75593
1.52816e+09,59599,101439
1.52816e+09,58450,95220
1.52816e+09,42658,70198
1.52816e+09,48532,79204
1.52816e+09,44286,74547
1.52816e+09,89225,149948
1.52816e+09,76992,127693
1.52816e+09,40607,67364
1.52816e+09,66661,113406
1.52816e+09,40919,68958
1.52816e+09,70683,117269
1.52816e+09,201149,332551
1.52816e+09,42791,70350
1.52816e+09,263895,412855
1.52816e+09,54804,91374
1.52816e+09,51852,85607
1.52816e+09,45903,76164
1.52816e+09,41965,67938
1.52816e+09,59494,98842
1.52816e+09,56082,92602
1.52816e+09,41636,68049
1.52816e+09,46567,77563
1.52816e+09,36863,60780
1.52816e+09,46820,78013
1.52816e+09,41764,69359
1.52816e+09,40006,65904
1.52816e+09,40515,67864
1.52816e+09,33428,53528
1.52816e+09,38555,62835
1.52816e+09,37909,60874
1.52816e+09,54571,91385
1.52816e+09,65393,105086
1.52816e+09,38513,63556
1.52816e+09,56285,92892
1.52816e+09,34753,56123
1.52816e+09,37226,60357
1.52816e+09,45560,75072
1.52816e+09,67374,112081
1.52816e+09,70889,116960
1.52816e+09,40122,66909
1.52816e+09,65935,109500
1.52816e+09,106988,179141
1.52816e+09,37167,61343
1.52816e+09,34958,56747
1.52816e+09,58542,99682
1.52816e+09,55161,91340
1.52816e+09,66378,107295
1.52816e+09,56107,93320
1.52816e+09,55723,91729
1.52816e+09,41076,66693
1.52816e+09,231608,388322
1.52816e+09,53268,90159
1.52816e+09,49837,82663
1.52816e+09,103338,171193
1.52816e+09,89968,143302
1.52816e+09,35444,57164
1.52816e+09,126412,212071
1.52816e+09,38130,63295
1.52816e+09,45235,74775
1.52816e+09,37404,61397
1.52816e+09,101546,167193
1.52816e+09,59815,99099
1.52816e+09,43315,70482
1.52816e+09,41569,68967
1.52816e+09,58674,97213
1.52816e+09,102731,163541
1.52816e+09,171438,283569
1.52816e+09,62175,104609
1.52816e+09,44906,74561
1.52816e+09,44183,74045
1.52816e+09,59368,98190
1.52816e+09,41211,67317
1.52816e+09,80409,131385
1.52816e+09,38423,63926
1.52816e+09,50011,82474
1.52816e+09,52761,87088
1.52816e+09,58997,97658
1.52816e+09,48136,80306
1.52816e+09,40874,67347
1.52816e+09,244756,408958
1.52816e+09,143225,239638
1.52816e+09,47010,77510
1.52816e+09,59766,98440
1.52816e+09,41002,65917
1.52816e+09,86333,143467
1.52816e+09,44271,72032
1.52816e+09,34979,57273
1.52816e+09,78931,131225
1.52816e+09,71306,119287
1.52816e+09,43740,70420
1.52816e+09,42078,69179
1.52816e+09,38301,65417
1.52816e+09,81506,136289
1.52816e+09,33565,54759
1.52816e+09,45629,75840
1.52816e+09,46810,77438
1.52816e+09,69881,116168
1.52816e+09,36454,59897
1.52816e+09,53889,89471
1.52816e+09,187030,314276
1.52816e+09,44285,73092
1.52816e+09,46102,76294
1.52816e+09,58545,98419
1.52816e+09,45244,74876
1.52816e+09,65330,108029
1.52816e+09,71257,116955
1.52816e+09,56496,93528
1.52816e+09,74914,123859
1.52816e+09,44933,72547
1.52816e+09,83395,139009
1.52816e+09,35539,57366
1.52816e+09,60257,99161
1.52816e+09,38031,63396
1.52816e+09,41010,68139
1.52816e+09,35843,59086
1.52816e+09,122558,206891
1.52816e+09,67556,112132
1.52816e+09,40624,67624
1.52816e+09,88254,147740
1.52816e+09,61781,99767
1.52816e+09,60973,102910
1.52816e+09,58928,97188
1.52816e+09,72898,120687
1.52816e+09,66595,109944
1.52816e+09,207221,347319
1.52816e+09,58003,95316
1.52816e+09,39166,65743
1.52816e+09,55478,91599
1.52816e+09,53928,88839
1.52816e+09,46906,78257
1.52816e+09,82520,135531
1.52816e+09,37698,62990
1.52816e+09,92580,154636
1.52816e+09,43541,71200
1.52816e+09,189782,316959
1.52816e+09,69363,114215
1.52816e+09,42046,69355
1.52816e+09,38833,62994
1.52816e+09,148651,249131
1.52816e+09,36773,59988
1.52816e+09,36127,59722
1.52816e+09,44142,72146
1.52816e+09,46415,76861
1.52816e+09,36205,58114
1.52816e+09,38177,61752
1.52816e+09,60244,102252
1.52816e+09,54013,90596
1.52816e+09,46280,75919
1.52816e+09,46357,76409
1.52816e+09,36299,59838
1.52816e+09,153472,256551
1.52816e+09,91092,149492
1.52816e+09,90425,151417
1.52816e+09,148857,249190
1.52816e+09,44943,76335
1.52816e+09,40981,67698
1.52816e+09,45879,74827
1.52816e+09,180276,301498
1.52816e+09,128920,213495
1.52816e+09,60827,101019
1.52816e+09,127327,212358
1.52816e+09,86928,146021
1.52816e+09,41820,69168
1.52816e+09,90360,151710
1.52816e+09,204030,341461
1.52816e+09,70134,119055
1.52816e+09,71219,117079
1.52816e+09,41619,67198
1.52816e+09,35173,57101
1.52816e+09,45817,76608
1.52816e+09,88380,145852
1.52816e+09,38234,62787
1.52816e+09,37116,61052
1.52816e+09,254243,425549
1.52816e+09,51069,84417
1.52816e+09,327946,549315
1.52816e+09,57359,95144
1.52816e+09,46127,76351
1.52816e+09,39863,66031
1.52816e+09,58821,97021
1.52816e+09,34346,57504
1.52816e+09,75062,124414
1.52816e+09,55549,92373
1.52816e+09,38546,64396
1.52816e+09,43337,71449
1.52816e+09,52534,86025
1.52816e+09,71730,120514
1.52816e+09,44594,74048
1.52816e+09,99241,167055
1.52816e+09,37596,60741
1.52816e+09,55314,92165
1.52816e+09,50796,84399
1.52816e+09,49378,82549
1.52816e+09,36807,60289
1.52816e+09,71503,116703
1.52816e+09,88611,145590
1.52816e+09,54034,88937
1.52816e+09,64952,107287
1.52816e+09,69614,116386
1.52816e+09,57669,94483
1.52816e+09,49910,82057
1.52816e+09,50111,82477
1.52816e+09,43334,71291
1.52816e+09,48004,80072
1.52816e+09,49553,82211
1.52816e+09,90522,146458
1.52816e+09,42135,69406
1.52816e+09,138026,231496
1.52816e+09,39244,66373
1.52816e+09,114862,190787
1.52816e+09,42954,70302
1.52816e+09,49660,83390
1.52816e+09,41285,68949
1.52816e+09,56842,91783
1.52816e+09,36778,61584
1.52816e+09,182290,292576
1.52816e+09,39901,64632
1.52816e+09,47482,79517
1.52816e+09,76693,127199
1.52816e+09,65903,108636
1.52816e+09,96395,160824
1.52816e+09,95851,156753
1.52816e+09,35956,58153
1.52816e+09,43265,70421
1.52816e+09,45792,93691
1.52816e+09,37455,62637
1.52816e+09,141101,235571
1.52816e+09,160683,268783
1.52816e+09,43909,72238
1.52816e+09,49110,81507
1.52816e+09,54916,91767
1.52816e+09,61198,101962
1.52816e+09,56362,94068
1.52816e+09,36624,61414
1.52816e+09,36223,58867
1.52816e+09,58455,97669
1.52816e+09,45805,75712
1.52816e+09,37688,62560
1.52816e+09,35840,59262
1.52816e+09,39761,66789
1.52816e+09,42739,70814
1.52816e+09,58171,96958
1.52816e+09,54347,89820
1.52816e+09,82012,138200
1.52816e+09,45806,75350
1.52816e+09,41207,67995
1.52816e+09,69924,116489
1.52816e+09,274420,458338
1.52816e+09,380820,636852
1.52816e+09,38414,62428
1.52816e+09,104051,173773
1.52816e+09,122862,205316
1.52816e+09,36786,60929
1.52816e+09,143417,239515
1.52816e+09,39594,65161
1.52816e+09,32089,50657
1.52816e+09,41343,67173
1.52816e+09,38386,64210
1.52816e+09,37212,61167
1.52816e+09,62259,103796
1.52816e+09,40022,66697
1.52816e+09,55717,92433
1.52816e+09,39010,65531
1.52816e+09,48912,79727
1.52816e+09,103876,173471
1.52816e+09,64041,104634
1.52816e+09,35625,58403
1.52816e+09,106056,177199
1.52816e+09,88771,148548
1.52816e+09,46908,78331
1.52816e+09,118423,196950
1.52816e+09,48402,80490
1.52816e+09,65783,106878
1.52816e+09,43234,72133
1.52816e+09,47562,78859
1.52816e+09,40354,66159
1.52816e+09,35867,58081
1.52816e+09,42554,70476
1.52816e+09,58958,97591
1.52816e+09,45067,73068
1.52816e+09,48501,81128
1.52816e+09,127794,204805
1.52816e+09,65300,108738
1.52816e+09,47248,77168
1.52816e+09,46429,75790
1.52816e+09,63462,105342
1.52816e+09,63040,104646
1.52816e+09,47344,78587
1.52816e+09,42484,69690
1.52816e+09,42879,70946
1.52816e+09,51735,86423
1.52816e+09,53262,86972
1.52816e+09,87937,147461
1.52816e+09,38225,61662
1.52816e+09,97838,163160
1.52816e+09,41427,69817
1.52816e+09,41019,68136
1.52816e+09,157470,261272
1.52816e+09,97426,163994
1.52816e+09,97408,162286
1.52816e+09,36750,62180
1.52816e+09,70176,117753
1.52816e+09,39445,64780
1.52816e+09,58177,97303
1.52816e+09,34862,57493
1.52816e+09,76520,127008
1.52816e+09,44218,73645
1.52816e+09,76065,120625
1.52816e+09,45254,74346
1.52816e+09,39594,65408
1.52816e+09,50460,83589
1.52816e+09,44476,74984
1.52816e+09,49315,81632
1.52816e+09,45045,75692
1.52816e+09,36910,59986
1.52816e+09,42257,70122
1.52816e+09,108028,180855
1.52816e+09,75458,126116
1.52816e+09,34091,52790
1.52816e+09,37843,61572
1.52816e+09,87195,142408
1.52816e+09,57666,93449
1.52816e+09,49945,81870
1.52816e+09,40594,67251
1.52816e+09,54698,92102
1.52816e+09,51784,85246
1.52816e+09,37387,62109
1.52816e+09,47007,77292
1.52816e+09,37001,61077
1.52816e+09,126165,209402
1.52816e+09,40934,68066
1.52816e+09,79385,132466
1.52816e+09,35863,58782
1.52816e+09,145245,243025
1.52816e+09,35744,59110
1.52816e+09,52830,87637
1.52816e+09,38552,62753
1.52816e+09,46443,76736
1.52816e+09,49403,80984
1.52816e+09,46617,76959
1.52816e+09,36524,60439
1.52816e+09,37209,61251
1.52816e+09,71891,120361
1.52816e+09,45082,73944
1.52816e+09,61112,98235
1.52816e+09,64079,105649
1.52816e+09,45943,76087
1.52816e+09,136857,228653
1.52816e+09,68352,115685
1.52816e+09,197111,330210
1.52816e+09,39991,64549
1.52816e+09,88373,145744
1.52816e+09,55156,91684
1.52816e+09,45492,75302
1.52816e+09,36279,58926
1.52816e+09,39098,64532
1.52816e+09,76926,119508
1.52816e+09,79203,134400
1.52816e+09,45456,75145
1.52816e+09,75607,123234
1.52816e+09,47604,79215
1.52816e+09,45932,76201
1.52816e+09,105676,176978
1.52816e+09,36240,58389
1.52816e+09,42758,70625
1.52816e+09,106173,175289
1.52816e+09,83355,137894
1.52816e+09,41301,66782
1.52816e+09,63096,104442
1.52816e+09,42099,69340
1.52816e+09,49646,81336
1.52816e+09,140058,233015
1.52816e+09,39868,67143
1.52816e+09,48584,77839
1.52816e+09,143077,234906
1.52816e+09,49889,81788
1.52816e+09,83798,140099
1.52816e+09,153736,256555
1.52816e+09,48768,81176
1.52816e+09,38705,64278
1.52816e+09,40721,65215
1.52816e+09,41517,69123
1.52816e+09,35794,57118
1.52816e+09,67945,113802
1.52816e+09,158767,267424
1.52816e+09,51886,83434
1.52816e+09,57040,94751
1.52816e+09,34067,56198
1.52816e+09,339365,569555
1.52816e+09,46335,89684
1.52816e+09,39261,62733
1.52816e+09,39634,65520
1.52816e+09,46302,76637
1.52816e+09,74496,124142
1.52816e+09,99353,165324
1.52816e+09,45153,72849
1.52816e+09,38339,62267
1.52816e+09,48951,81843
1.52816e+09,40330,67929
