Time,Integral 1200,Integral 7400
1548369843.316055,19090.000000,24001.000000
1548369843.310150,19684.000000,27176.000000
1548369843.310677,18683.000000,23532.000000
1548369843.313925,38605.000000,55062.000000
1548369843.314454,19457.000000,25743.000000
1548369843.315722,19748.000000,25277.000000
1548369843.316055,20397.000000,26275.000000
1548369843.316782,15363.000000,17809.000000
1548369843.317308,20360.000000,25062.000000
1548369843.317415,12015.000000,13034.000000
1548369843.318616,15933.000000,18738.000000
1548369843.319022,19150.000000,22762.000000
1548369843.319168,222069.000000,377883.000000
1548369843.319983,15776.000000,17951.000000
1548369843.320766,19590.000000,24698.000000
1548369843.320961,19332.000000,24176.000000
1548369843.322462,18678.000000,23993.000000
1548369843.322721,19342.000000,24513.000000
1548369843.323085,20622.000000,26754.000000
1548369843.323148,21110.000000,26468.000000
1548369843.323716,21475.000000,26922.000000
1548369843.323756,14190.000000,16191.000000
1548369843.323942,18620.000000,23595.000000
1548369843.324122,21731.000000,27537.000000
1548369843.325193,22174.000000,29883.000000
1548369843.325378,21339.000000,27204.000000
1548369843.325946,22916.000000,29581.000000
1548369843.326027,17643.000000,22430.000000
1548369843.327994,14674.000000,18760.000000
1548369843.328270,22796.000000,31920.000000
1548369843.328807,15066.000000,18368.000000
1548369843.328847,19274.000000,23905.000000
1548369843.329560,21162.000000,28043.000000
1548369843.329867,23557.000000,31078.000000
1548369843.329925,15723.000000,20383.000000
1548369843.330248,16285.000000,20525.000000
1548369843.330819,17094.000000,19806.000000
1548369843.331879,21014.000000,27849.000000
1548369843.332518,22177.000000,29197.000000
1548369843.333215,17708.000000,20793.000000
1548369843.333532,18103.000000,23974.000000
1548369843.333688,14580.000000,17014.000000
1548369843.333827,17007.000000,21232.000000
1548369843.335263,22974.000000,29900.000000
1548369843.336149,18455.000000,21718.000000
1548369843.336269,11471.000000,11929.000000
1548369843.336709,15809.000000,18277.000000
1548369843.337053,18489.000000,22736.000000
1548369843.337470,18408.000000,27218.000000
1548369843.339332,9248.000000,15242.000000
1548369843.340298,16679.000000,19119.000000
1548369843.340715,16131.000000,20696.000000
1548369843.340883,20559.000000,25280.000000
1548369843.340947,15944.000000,18374.000000
1548369843.341036,15416.000000,19682.000000
1548369843.341428,20049.000000,23914.000000
1548369843.341830,18818.000000,21985.000000
1548369843.342228,18174.000000,22236.000000
1548369843.343168,19613.000000,23618.000000
1548369843.343939,14801.000000,18663.000000
1548369843.343999,17285.000000,21846.000000
1548369843.344494,20851.000000,25522.000000
1548369843.344792,19454.000000,25079.000000
1548369843.345585,18096.000000,20792.000000
1548369843.346226,17161.000000,20650.000000
1548369843.346557,17220.000000,20925.000000
1548369843.346987,20253.000000,27314.000000
1548369843.347578,17244.000000,19656.000000
1548369843.348242,13091.000000,16275.000000
1548369843.348803,17549.000000,22788.000000
1548369843.348861,17206.000000,20497.000000
1548369843.349551,17876.000000,23326.000000
1548369843.350839,16376.000000,19788.000000
1548369843.351753,19150.000000,24394.000000
1548369843.352284,19288.000000,24461.000000
1548369843.353261,21141.000000,27231.000000
1548369843.353626,19828.000000,24318.000000
1548369843.354908,19333.000000,23696.000000
1548369843.355249,21815.000000,27854.000000
1548369843.355951,18957.000000,23855.000000
1548369843.357400,18033.000000,22429.000000
1548369843.359672,18529.000000,22513.000000
1548369843.359720,19805.000000,25102.000000
1548369843.359972,20468.000000,26239.000000
1548369843.360425,19476.000000,24070.000000
1548369843.361150,19313.000000,24321.000000
1548369843.362007,19775.000000,23063.000000
1548369843.362211,14405.000000,18666.000000
1548369843.364060,21899.000000,27885.000000
1548369843.364603,16072.000000,17304.000000
1548369843.364626,17482.000000,22677.000000
1548369843.364736,19451.000000,25245.000000
1548369843.364964,21388.000000,27033.000000
1548369843.365264,21676.000000,27280.000000
1548369843.366840,21768.000000,27535.000000
1548369843.366868,22064.000000,28930.000000
1548369843.367149,17487.000000,21617.000000
1548369843.367647,12079.000000,14132.000000
1548369843.368448,17323.000000,20840.000000
1548369843.368706,20811.000000,27537.000000
1548369843.369069,22102.000000,29746.000000
1548369843.369867,19342.000000,22664.000000
1548369843.370608,19425.000000,23810.000000
1548369843.371073,19482.000000,26794.000000
1548369843.372557,18861.000000,25255.000000
1548369843.373222,14650.000000,18173.000000
1548369843.373639,19064.000000,25644.000000
1548369843.374071,13496.000000,16722.000000
1548369843.374215,19168.000000,23979.000000
1548369843.374278,20307.000000,28030.000000
1548369843.374930,15570.000000,19157.000000
1548369843.376664,19537.000000,24053.000000
1548369843.376952,17413.000000,21235.000000
1548369843.377057,19773.000000,26007.000000
1548369843.377140,18290.000000,22966.000000
1548369843.378492,14120.000000,18308.000000
1548369843.378809,13786.000000,15968.000000
1548369843.379942,8851.000000,10173.000000
1548369843.380065,19155.000000,23510.000000
1548369843.380207,18694.000000,22982.000000
1548369843.380259,17778.000000,22998.000000
1548369843.380317,19300.000000,25616.000000
1548369843.380763,17422.000000,22651.000000
1548369843.380934,18856.000000,22983.000000
1548369843.381185,18393.000000,23709.000000
1548369843.381657,21941.000000,28631.000000
1548369843.381811,16688.000000,19174.000000
1548369843.382747,20645.000000,25839.000000
1548369843.382877,18715.000000,22070.000000
1548369843.383491,17065.000000,20525.000000
1548369843.383523,18848.000000,23553.000000
1548369843.385873,10800.000000,11577.000000
1548369843.385923,17303.000000,20957.000000
1548369843.386220,21993.000000,27675.000000
1548369843.387181,19305.000000,23765.000000
1548369843.388590,13217.000000,16452.000000
1548369843.388908,21714.000000,26891.000000
1548369843.390027,18951.000000,25119.000000
1548369843.390207,20680.000000,26637.000000
1548369843.390601,21545.000000,29450.000000
1548369843.390667,17338.000000,22622.000000
1548369843.391445,20690.000000,26915.000000
1548369843.391486,19722.000000,24468.000000
1548369843.392641,18357.000000,23401.000000
1548369843.393067,18176.000000,23964.000000
1548369843.393228,18960.000000,25093.000000
1548369843.393848,20536.000000,26718.000000
1548369843.393983,15444.000000,19535.000000
1548369843.394227,19357.000000,25360.000000
1548369843.396015,21593.000000,27905.000000
1548369843.396474,16809.000000,21416.000000
1548369843.396689,21332.000000,28079.000000
1548369843.397726,18309.000000,22478.000000
1548369843.398539,18215.000000,23653.000000
1548369843.399608,7455.000000,11816.000000
1548369843.400210,15968.000000,19946.000000
1548369843.401229,18651.000000,25307.000000
1548369843.401781,18859.000000,23261.000000
1548369843.402209,16682.000000,18517.000000
1548369843.402458,17800.000000,20871.000000
1548369843.402651,12812.000000,13905.000000
1548369843.402966,18056.000000,22960.000000
1548369843.403766,15647.000000,19375.000000
1548369843.404598,18427.000000,22329.000000
1548369843.405489,21571.000000,27658.000000
1548369843.405586,8548.000000,9058.000000
1548369843.405708,18574.000000,22670.000000
1548369843.407524,16854.000000,19645.000000
1548369843.408475,14834.000000,18132.000000
1548369843.408979,15177.000000,18322.000000
1548369843.409122,18372.000000,23078.000000
1548369843.409152,15434.000000,17806.000000
1548369843.409972,18390.000000,23056.000000
1548369843.410862,19433.000000,25950.000000
1548369843.411026,15743.000000,18061.000000
1548369843.411739,22129.000000,27024.000000
1548369843.412036,22148.000000,27411.000000
1548369843.412185,19743.000000,24440.000000
1548369843.412359,17221.000000,23028.000000
1548369843.413009,10327.000000,13221.000000
1548369843.413916,10768.000000,12196.000000
1548369843.414379,18143.000000,22425.000000
1548369843.415837,19180.000000,25936.000000
1548369843.416688,18046.000000,22210.000000
1548369843.417176,19532.000000,23141.000000
1548369843.417577,18123.000000,21434.000000
1548369843.418113,21178.000000,25505.000000
1548369843.418795,18600.000000,22907.000000
1548369843.419551,16498.000000,19543.000000
1548369843.420539,16479.000000,19862.000000
1548369843.421300,19299.000000,24283.000000
1548369843.421840,14185.000000,17425.000000
1548369843.422635,13404.000000,15980.000000
1548369843.422985,20875.000000,26817.000000
1548369843.424068,18478.000000,23304.000000
1548369843.424099,21300.000000,24730.000000
1548369843.424755,12121.000000,12928.000000
1548369843.425076,19476.000000,23360.000000
1548369843.425176,20962.000000,26295.000000
1548369843.425303,15813.000000,18941.000000
1548369843.425685,21560.000000,26939.000000
1548369843.426490,18413.000000,21356.000000
1548369843.426987,12975.000000,19564.000000
1548369843.427225,18063.000000,23249.000000
1548369843.427388,18390.000000,22951.000000
1548369843.430184,19188.000000,25416.000000
1548369843.431042,20112.000000,27255.000000
1548369843.431253,18831.000000,24818.000000
1548369843.431454,13636.000000,16161.000000
1548369843.431661,13917.000000,15815.000000
1548369843.431894,22298.000000,28316.000000
1548369843.432018,11075.000000,12072.000000
1548369843.432951,20039.000000,26338.000000
1548369843.433689,23211.000000,30065.000000
1548369843.434825,17395.000000,20464.000000
1548369843.434873,20948.000000,27035.000000
1548369843.435946,19396.000000,26048.000000
1548369843.436291,15366.000000,18275.000000
1548369843.438226,21461.000000,26289.000000
1548369843.438417,15555.000000,18814.000000
1548369843.438683,20857.000000,27609.000000
1548369843.439459,21470.000000,26877.000000
1548369843.440371,17390.000000,21337.000000
1548369843.440516,16920.000000,21691.000000
1548369843.440986,18928.000000,23632.000000
1548369843.441386,20195.000000,26882.000000
1548369843.441705,8439.000000,9135.000000
1548369843.442158,19148.000000,21711.000000
1548369843.442526,17090.000000,22470.000000
1548369843.442639,17845.000000,22534.000000
1548369843.442762,21025.000000,26814.000000
1548369843.443284,18621.000000,22898.000000
1548369843.444009,17984.000000,22031.000000
1548369843.444463,17733.000000,22157.000000
1548369843.445286,20820.000000,25764.000000
1548369843.445664,17793.000000,21039.000000
1548369843.447017,20780.000000,26634.000000
1548369843.447042,12740.000000,15184.000000
1548369843.447427,16925.000000,21918.000000
1548369843.447504,19707.000000,24792.000000
1548369843.447813,20536.000000,25322.000000
1548369843.448024,20026.000000,25307.000000
1548369843.448923,20906.000000,26428.000000
1548369843.449083,18512.000000,22404.000000
1548369843.449348,17174.000000,21865.000000
1548369843.449708,19690.000000,23610.000000
1548369843.451042,16377.000000,20413.000000
1548369843.452659,19205.000000,25492.000000
1548369843.452745,20219.000000,24671.000000
1548369843.453646,19276.000000,24398.000000
1548369843.454994,21213.000000,27864.000000
1548369843.455520,16912.000000,20063.000000
1548369843.455920,16435.000000,21358.000000
1548369843.456836,16883.000000,20113.000000
1548369843.457416,12204.000000,14464.000000
1548369843.457732,15401.000000,16957.000000
1548369843.458039,16911.000000,19818.000000
1548369843.459087,21270.000000,26614.000000
1548369843.459536,18043.000000,22443.000000
1548369843.459979,16607.000000,21355.000000
1548369843.460495,13904.000000,16970.000000
1548369843.460636,18677.000000,23148.000000
1548369843.460666,16580.000000,21388.000000
1548369843.460912,20866.000000,27197.000000
1548369843.461268,18285.000000,23658.000000
1548369843.461323,15132.000000,19184.000000
1548369843.462689,16808.000000,21089.000000
1548369843.462950,14335.000000,16552.000000
1548369843.463615,18089.000000,22821.000000
1548369843.463758,19794.000000,23300.000000
1548369843.464152,16779.000000,26069.000000
1548369843.464256,19735.000000,26871.000000
1548369843.464393,18982.000000,23527.000000
1548369843.464584,15683.000000,17361.000000
1548369843.464713,16466.000000,19509.000000
1548369843.468190,16685.000000,20180.000000
1548369843.468819,16973.000000,20126.000000
1548369843.468863,9919.000000,10537.000000
1548369843.469423,19278.000000,24110.000000
1548369843.469522,21829.000000,26913.000000
1548369843.470219,16019.000000,19441.000000
1548369843.470691,16965.000000,20603.000000
1548369843.470802,19226.000000,22638.000000
1548369843.470907,16128.000000,28366.000000
1548369843.471339,21708.000000,28260.000000
1548369843.472015,19247.000000,25952.000000
1548369843.472239,22131.000000,29942.000000
1548369843.473411,19052.000000,22895.000000
1548369843.475399,18238.000000,22735.000000
1548369843.475467,18910.000000,23437.000000
1548369843.475495,17405.000000,21532.000000
1548369843.476619,16523.000000,19662.000000
1548369843.480073,20940.000000,25527.000000
1548369843.480374,17409.000000,21042.000000
1548369843.480629,17294.000000,20762.000000
1548369843.481367,17073.000000,20128.000000
1548369843.481953,17646.000000,22266.000000
1548369843.482036,19899.000000,27874.000000
1548369843.482606,18184.000000,23184.000000
1548369843.482948,16186.000000,22071.000000
1548369843.483622,19777.000000,24947.000000
1548369843.484413,16139.000000,20423.000000
1548369843.484901,17373.000000,19463.000000
1548369843.486061,20598.000000,27512.000000
1548369843.487118,20694.000000,26064.000000
1548369843.487377,15956.000000,22449.000000
1548369843.487582,19761.000000,25892.000000
1548369843.487701,20829.000000,26567.000000
1548369843.487769,21303.000000,27029.000000
1548369843.487957,16826.000000,20084.000000
1548369843.491355,17691.000000,25142.000000
1548369843.491433,20419.000000,23424.000000
1548369843.491728,13442.000000,15485.000000
1548369843.492017,14773.000000,15199.000000
1548369843.492689,20576.000000,23426.000000
1548369843.493691,18303.000000,23254.000000
1548369843.494351,19287.000000,25424.000000
1548369843.495253,20690.000000,27080.000000
1548369843.495389,19832.000000,25883.000000
1548369843.497150,16396.000000,19532.000000
1548369843.498288,17997.000000,20904.000000
1548369843.498745,3841.000000,4483.000000
1548369843.498881,22588.000000,29306.000000
1548369843.499366,20031.000000,27279.000000
1548369843.499428,21476.000000,28103.000000
1548369843.500404,20143.000000,25475.000000
1548369843.501364,16008.000000,18598.000000
1548369843.501677,7062.000000,12433.000000
1548369843.502685,18867.000000,22225.000000
1548369843.504787,18202.000000,23770.000000
1548369843.506104,15784.000000,21407.000000
1548369843.506895,18843.000000,24772.000000
1548369843.509221,13598.000000,15644.000000
1548369843.509462,21784.000000,27990.000000
1548369843.510101,15869.000000,19961.000000
1548369843.510745,22001.000000,28664.000000
1548369843.511268,18353.000000,21958.000000
1548369843.512088,20475.000000,28535.000000
1548369843.513059,18139.000000,23177.000000
1548369843.513688,18402.000000,22879.000000
1548369843.513859,21235.000000,27960.000000
1548369843.514716,20610.000000,24627.000000
1548369843.517883,19372.000000,23893.000000
1548369843.517904,18800.000000,22789.000000
1548369843.518429,3901.000000,5345.000000
1548369843.518567,15259.000000,16861.000000
1548369843.519334,17770.000000,20759.000000
1548369843.519693,21390.000000,27176.000000
1548369843.519729,17353.000000,20702.000000
1548369843.519800,14195.000000,16129.000000
1548369843.520646,20924.000000,26660.000000
1548369843.520825,19328.000000,24579.000000
1548369843.522027,20631.000000,25276.000000
1548369843.522734,19267.000000,22605.000000
1548369843.525213,24431.000000,33100.000000
1548369843.525479,18437.000000,24127.000000
1548369843.526192,20679.000000,48343.000000
1548369843.526471,22796.000000,29691.000000
1548369843.526659,18018.000000,24897.000000
1548369843.527966,15688.000000,18874.000000
1548369843.528551,17387.000000,20846.000000
1548369843.528766,19256.000000,24657.000000
1548369843.529500,16879.000000,21438.000000
1548369843.532073,19099.000000,24144.000000
1548369843.532682,17940.000000,21635.000000
1548369843.533209,23294.000000,31000.000000
1548369843.533845,13887.000000,15016.000000
1548369843.534030,13187.000000,15845.000000
1548369843.534192,17670.000000,22902.000000
1548369843.534461,14981.000000,23715.000000
1548369843.535150,19251.000000,23820.000000
1548369843.536934,17165.000000,19748.000000
1548369843.536993,17744.000000,21779.000000
1548369843.538609,18390.000000,22920.000000
1548369843.538892,18291.000000,20901.000000
1548369843.539322,18462.000000,21550.000000
1548369843.539369,18426.000000,23502.000000
1548369843.541215,16391.000000,20465.000000
1548369843.541422,17868.000000,21320.000000
1548369843.543776,15624.000000,18456.000000
1548369843.543896,17638.000000,22007.000000
1548369843.544406,13087.000000,14873.000000
1548369843.545010,19800.000000,23783.000000
1548369843.545038,21914.000000,26684.000000
1548369843.545249,17339.000000,22274.000000
1548369843.545297,18619.000000,25606.000000
1548369843.545983,18304.000000,23874.000000
1548369843.546792,9653.000000,11239.000000
1548369843.547679,21654.000000,25806.000000
1548369843.548368,19622.000000,24841.000000
1548369843.548442,19017.000000,23647.000000
1548369843.549606,21997.000000,28989.000000
1548369843.550598,18340.000000,22870.000000
1548369843.551711,21249.000000,55732.000000
1548369843.551942,21973.000000,28639.000000
1548369843.553065,18111.000000,23488.000000
1548369843.555306,18213.000000,23625.000000
1548369843.555742,20769.000000,27233.000000
1548369843.555913,21514.000000,29961.000000
1548369843.559239,22497.000000,30531.000000
1548369843.559691,16525.000000,19278.000000
1548369843.560139,9051.000000,9395.000000
1548369843.560363,17688.000000,21179.000000
1548369843.560504,19721.000000,23134.000000
1548369843.562327,18439.000000,21142.000000
1548369843.563043,11732.000000,12720.000000
1548369843.563073,21180.000000,26803.000000
1548369843.563619,22850.000000,30102.000000
1548369843.563852,16089.000000,19493.000000
1548369843.564106,16091.000000,21107.000000
1548369843.564853,18895.000000,24235.000000
1548369843.566078,19128.000000,24166.000000
1548369843.566355,16971.000000,20717.000000
1548369843.567778,20105.000000,25818.000000
1548369843.569351,16748.000000,18119.000000
1548369843.569394,18685.000000,23664.000000
1548369843.570156,19824.000000,25593.000000
1548369843.570528,19948.000000,23687.000000
1548369843.571219,21486.000000,29096.000000
1548369843.572827,22551.000000,30126.000000
1548369843.573087,20861.000000,27290.000000
1548369843.573111,21862.000000,27717.000000
1548369843.573845,20016.000000,25365.000000
1548369843.575450,20316.000000,25908.000000
1548369843.575635,19208.000000,24978.000000
1548369843.576007,21873.000000,28966.000000
1548369843.576367,21269.000000,27981.000000
1548369843.576902,18362.000000,23555.000000
1548369843.578522,15300.000000,18640.000000
1548369843.578587,11749.000000,45483.000000
1548369843.579811,22765.000000,28437.000000
1548369843.580321,20299.000000,27093.000000
1548369843.580667,17703.000000,22605.000000
1548369843.581203,16432.000000,19679.000000
1548369843.581695,18833.000000,22594.000000
1548369843.581754,18181.000000,23492.000000
1548369843.584066,18539.000000,22218.000000
1548369843.584181,30794.000000,47218.000000
1548369843.584709,18538.000000,23393.000000
1548369843.585028,19605.000000,24598.000000
1548369843.586390,8208.000000,11744.000000
1548369843.587127,20497.000000,25709.000000
1548369843.587582,5480.000000,8811.000000
1548369843.587722,19578.000000,24888.000000
1548369843.587963,16698.000000,21835.000000
1548369843.588474,19022.000000,22853.000000
1548369843.589542,17869.000000,24065.000000
1548369843.590136,12312.000000,16161.000000
1548369843.591741,20785.000000,26634.000000
1548369843.591893,18380.000000,23366.000000
1548369843.592490,23662.000000,33175.000000
1548369843.593356,17548.000000,21879.000000
1548369843.593482,21522.000000,27044.000000
1548369843.595313,18887.000000,24665.000000
1548369843.595448,17051.000000,20454.000000
1548369843.596300,19461.000000,24897.000000
1548369843.596832,19251.000000,23640.000000
1548369843.597090,17532.000000,21734.000000
1548369843.597937,17347.000000,20110.000000
1548369843.598282,20667.000000,26668.000000
1548369843.598337,20209.000000,25782.000000
1548369843.598907,18775.000000,25575.000000
1548369843.599343,16225.000000,20434.000000
1548369843.599772,14302.000000,17955.000000
1548369843.599959,20367.000000,26059.000000
1548369843.600549,21675.000000,26319.000000
1548369843.601084,18612.000000,22762.000000
1548369843.601108,18066.000000,21779.000000
1548369843.601722,19827.000000,26222.000000
1548369843.603276,12389.000000,14655.000000
1548369843.603296,19559.000000,25963.000000
1548369843.603924,18171.000000,23868.000000
1548369843.605290,18837.000000,23605.000000
1548369843.605697,17524.000000,21541.000000
1548369843.605784,17838.000000,23430.000000
1548369843.606013,19477.000000,23908.000000
1548369843.607531,18593.000000,23885.000000
1548369843.608500,22784.000000,27850.000000
1548369843.609276,18407.000000,22448.000000
1548369843.609559,21017.000000,26628.000000
1548369843.609620,14721.000000,16508.000000
1548369843.610739,22272.000000,29613.000000
1548369843.610884,8622.000000,13207.000000
1548369843.610926,17978.000000,22929.000000
1548369843.611028,18465.000000,23216.000000
1548369843.611268,14725.000000,17806.000000
1548369843.611505,20449.000000,25690.000000
1548369843.611567,17744.000000,21000.000000
1548369843.612767,21402.000000,27624.000000
1548369843.612983,21563.000000,27736.000000
1548369843.613341,22026.000000,28060.000000
1548369843.613760,12238.000000,14670.000000
1548369843.613942,17252.000000,20317.000000
1548369843.614631,19916.000000,26057.000000
1548369843.615718,12199.000000,14155.000000
1548369843.618342,18686.000000,23387.000000
1548369843.618497,17477.000000,20956.000000
1548369843.619212,16113.000000,20218.000000
1548369843.619420,17097.000000,19909.000000
1548369843.620426,20071.000000,26942.000000
1548369843.621271,17656.000000,23516.000000
1548369843.621314,20448.000000,24936.000000
1548369843.622249,18619.000000,22989.000000
1548369843.622582,20494.000000,27091.000000
1548369843.623044,18569.000000,22062.000000
1548369843.623852,17464.000000,21534.000000
1548369843.624315,19059.000000,22650.000000
1548369843.626192,18726.000000,22452.000000
1548369843.627031,19879.000000,25547.000000
1548369843.628129,18258.000000,21918.000000
1548369843.628650,18065.000000,21032.000000
1548369843.629840,22148.000000,30142.000000
1548369843.629960,18447.000000,23825.000000
1548369843.630364,19523.000000,24473.000000
1548369843.631848,20480.000000,25495.000000
1548369843.632001,18441.000000,23144.000000
1548369843.632316,18711.000000,23058.000000
1548369843.632372,19118.000000,21514.000000
1548369843.633937,22729.000000,29404.000000
1548369843.634615,18746.000000,22212.000000
1548369843.636308,25163.000000,33432.000000
1548369843.636403,20023.000000,25490.000000
1548369843.638091,20091.000000,26181.000000
1548369843.638716,16763.000000,20404.000000
1548369843.639127,21310.000000,27896.000000
1548369843.640534,20435.000000,25056.000000
1548369843.641003,17574.000000,19741.000000
1548369843.642218,22025.000000,28225.000000
1548369843.642978,17426.000000,20847.000000
1548369843.643240,21433.000000,26799.000000
1548369843.643578,19958.000000,25121.000000
1548369843.646137,18225.000000,20954.000000
1548369843.646906,20243.000000,24268.000000
1548369843.647355,18900.000000,23493.000000
1548369843.648170,21469.000000,28295.000000
1548369843.648806,21091.000000,26453.000000
1548369843.649274,19024.000000,24133.000000
1548369843.649637,19107.000000,23527.000000
1548369843.650841,16692.000000,19896.000000
1548369843.651616,15749.000000,20168.000000
1548369843.652491,10708.000000,17655.000000
1548369843.652623,16695.000000,20185.000000
1548369843.652964,17948.000000,22488.000000
1548369843.653176,18577.000000,22381.000000
1548369843.653311,19532.000000,23818.000000
1548369843.653384,19178.000000,24765.000000
1548369843.653855,13112.000000,13977.000000
1548369843.653966,19021.000000,23250.000000
1548369843.654256,28751.000000,44451.000000
1548369843.654934,18621.000000,22061.000000
1548369843.655050,18923.000000,26674.000000
1548369843.655073,20379.000000,25646.000000
1548369843.655937,20221.000000,25429.000000
1548369843.656520,20153.000000,25171.000000
1548369843.657392,19366.000000,24744.000000
1548369843.658123,14052.000000,18516.000000
1548369843.658230,19431.000000,24907.000000
1548369843.658832,19310.000000,25172.000000
1548369843.659226,17921.000000,23677.000000
1548369843.659247,16033.000000,20060.000000
1548369843.659449,18662.000000,24217.000000
1548369843.659627,17716.000000,21197.000000
1548369843.659721,19263.000000,24800.000000
1548369843.660254,18735.000000,22718.000000
1548369843.660286,18562.000000,22210.000000
1548369843.661664,20038.000000,25288.000000
1548369843.663648,95318.000000,157075.000000
1548369843.665634,20420.000000,25973.000000
1548369843.666016,17198.000000,22696.000000
1548369843.666511,14411.000000,18722.000000
1548369843.667586,17514.000000,22305.000000
1548369843.667762,17598.000000,20722.000000
1548369843.667805,20446.000000,26836.000000
1548369843.668761,18359.000000,22132.000000
1548369843.670314,18757.000000,24404.000000
1548369843.670364,22509.000000,28452.000000
1548369843.670614,18992.000000,23385.000000
1548369843.670768,18943.000000,23103.000000
1548369843.670813,19699.000000,24471.000000
1548369843.671771,21050.000000,26648.000000
1548369843.672497,18254.000000,21669.000000
1548369843.672617,22136.000000,28638.000000
1548369843.674572,20828.000000,26589.000000
1548369843.674860,20607.000000,26321.000000
1548369843.675028,17848.000000,20430.000000
1548369843.675930,18812.000000,24107.000000
1548369843.675970,20727.000000,25119.000000
1548369843.677229,22254.000000,30731.000000
1548369843.677283,17339.000000,21430.000000
1548369843.677535,21156.000000,25949.000000
1548369843.677585,17944.000000,23099.000000
1548369843.680012,23235.000000,30891.000000
1548369843.680106,10535.000000,12737.000000
1548369843.683942,22359.000000,28992.000000
1548369843.684070,18620.000000,23004.000000
1548369843.684492,19629.000000,24281.000000
1548369843.685236,17930.000000,23084.000000
1548369843.685657,18022.000000,21588.000000
1548369843.686143,21569.000000,27068.000000
1548369843.686725,17169.000000,21981.000000
1548369843.688480,10732.000000,11955.000000
1548369843.689886,19918.000000,25385.000000
1548369843.690171,18692.000000,25180.000000
1548369843.690536,17475.000000,21559.000000
1548369843.690616,18281.000000,20634.000000
1548369843.691452,19045.000000,24360.000000
1548369843.692667,19966.000000,24812.000000
1548369843.693963,18855.000000,23294.000000
1548369843.694711,20896.000000,28271.000000
1548369843.695059,16608.000000,18829.000000
1548369843.695288,19978.000000,24984.000000
1548369843.695389,14501.000000,17308.000000
1548369843.695977,19242.000000,24632.000000
1548369843.697129,19912.000000,25807.000000
1548369843.697158,19057.000000,23321.000000
1548369843.698012,21119.000000,28800.000000
1548369843.698507,13926.000000,18342.000000
1548369843.698860,17952.000000,23555.000000
1548369843.699620,19388.000000,24601.000000
1548369843.701069,21184.000000,26424.000000
1548369843.701245,18808.000000,24078.000000
1548369843.701291,20623.000000,27163.000000
1548369843.701481,20010.000000,24551.000000
1548369843.701735,18721.000000,23291.000000
1548369843.701870,22237.000000,26975.000000
1548369843.702387,19171.000000,23508.000000
1548369843.704986,17035.000000,20853.000000
1548369843.705059,20947.000000,28446.000000
1548369843.705691,21851.000000,28460.000000
1548369843.706383,20281.000000,27173.000000
1548369843.706869,21071.000000,27109.000000
1548369843.707139,18866.000000,24475.000000
1548369843.707962,17172.000000,20805.000000
1548369843.707997,14529.000000,17432.000000
1548369843.709165,20231.000000,27639.000000
1548369843.709695,18862.000000,25257.000000
1548369843.709925,18423.000000,22714.000000
1548369843.710602,15665.000000,19522.000000
1548369843.710668,20162.000000,24450.000000
1548369843.710726,17446.000000,23073.000000
1548369843.710867,17607.000000,20201.000000
1548369843.711403,20165.000000,25553.000000
1548369843.711725,20526.000000,25330.000000
1548369843.711806,16909.000000,19094.000000
1548369843.712729,16211.000000,18993.000000
1548369843.712841,17798.000000,20652.000000
1548369843.713048,18484.000000,22859.000000
1548369843.713409,17354.000000,22113.000000
1548369843.715579,15793.000000,19162.000000
1548369843.715756,20432.000000,26605.000000
1548369843.718782,20197.000000,26751.000000
1548369843.718904,15632.000000,18679.000000
1548369843.718990,12331.000000,13705.000000
1548369843.719157,15618.000000,19187.000000
1548369843.720131,15431.000000,19448.000000
1548369843.720710,17873.000000,24085.000000
1548369843.720744,16722.000000,18575.000000
1548369843.721046,22800.000000,29438.000000
1548369843.721354,16949.000000,20084.000000
1548369843.721920,17688.000000,22940.000000
1548369843.722111,19503.000000,24683.000000
1548369843.722257,21170.000000,26008.000000
1548369843.722791,16383.000000,20674.000000
1548369843.722841,6074.000000,8339.000000
1548369843.723265,15161.000000,17306.000000
1548369843.723339,23241.000000,29821.000000
1548369843.724927,20236.000000,25822.000000
1548369843.725315,20714.000000,26966.000000
1548369843.726846,13663.000000,15413.000000
1548369843.727827,8014.000000,12470.000000
1548369843.727952,17324.000000,20256.000000
1548369843.728136,18118.000000,23590.000000
1548369843.728707,36134.000000,53232.000000
1548369843.729163,21826.000000,27253.000000
1548369843.729837,19986.000000,25553.000000
1548369843.730360,20741.000000,25866.000000
1548369843.730508,18930.000000,21977.000000
1548369843.731497,21051.000000,26850.000000
1548369843.734749,19401.000000,25779.000000
1548369843.734876,19909.000000,25920.000000
1548369843.735426,15656.000000,19054.000000
1548369843.736054,14283.000000,17293.000000
1548369843.736148,14479.000000,17266.000000
1548369843.736566,21813.000000,26938.000000
1548369843.738468,21366.000000,27832.000000
1548369843.742419,18580.000000,25249.000000
1548369843.742738,15417.000000,17893.000000
1548369843.742959,18403.000000,23083.000000
1548369843.743284,20524.000000,25664.000000
1548369843.744154,14365.000000,15473.000000
1548369843.744189,20183.000000,25141.000000
1548369843.744387,20005.000000,26992.000000
1548369843.744507,16247.000000,21636.000000
1548369843.744938,22029.000000,30579.000000
1548369843.745633,17038.000000,18940.000000
1548369843.745753,17951.000000,21970.000000
1548369843.747431,22482.000000,28494.000000
1548369843.747915,19372.000000,22612.000000
1548369843.748896,20769.000000,26760.000000
1548369843.750720,21269.000000,26960.000000
1548369843.753946,23994.000000,32232.000000
1548369843.755043,15261.000000,19190.000000
1548369843.756368,16740.000000,19574.000000
1548369843.758657,17793.000000,22888.000000
1548369843.760635,18369.000000,21644.000000
1548369843.762308,18166.000000,22738.000000
1548369843.765314,20124.000000,26756.000000
1548369843.767245,18398.000000,23990.000000
1548369843.769306,20043.000000,26940.000000
1548369843.771711,12887.000000,16179.000000
1548369843.773184,19160.000000,23663.000000
1548369843.775158,20075.000000,26632.000000
1548369843.777335,20799.000000,26696.000000
1548369843.779228,19154.000000,22265.000000
1548369843.787310,18915.000000,25080.000000
1548369843.789566,20417.000000,24419.000000
1548369843.791138,19602.000000,24917.000000
1548369843.792763,20459.000000,27550.000000
1548369843.794621,24134.000000,32909.000000
1548369843.796712,19504.000000,25196.000000
1548369843.798720,16125.000000,18257.000000
1548369843.800955,23831.000000,30375.000000
1548369843.802809,20292.000000,26666.000000
1548369843.804839,15259.000000,18325.000000
1548369843.806207,20143.000000,24988.000000
1548369843.809835,15001.000000,18772.000000
1548369843.810424,19413.000000,24840.000000
1548369843.812078,21926.000000,29427.000000
1548369843.815361,18767.000000,20669.000000
1548369843.815851,18383.000000,23210.000000
1548369843.818252,19311.000000,26417.000000
1548369843.819880,18338.000000,22795.000000
1548369843.821616,19392.000000,25304.000000
1548369843.823949,21867.000000,30409.000000
1548369843.825980,23003.000000,29456.000000
1548369843.827660,20903.000000,26945.000000
1548369843.830544,18745.000000,24142.000000
1548369843.833710,16329.000000,18815.000000
1548369843.833977,17740.000000,21111.000000
1548369843.836089,11922.000000,13874.000000
1548369843.837499,16415.000000,20437.000000
1548369843.839749,16112.000000,18358.000000
1548369843.842779,20475.000000,28179.000000
1548369843.845395,16778.000000,20355.000000
1548369843.846072,18835.000000,22931.000000
1548369843.848766,14333.000000,18190.000000
1548369843.851821,17453.000000,20207.000000
1548369843.852892,19800.000000,24835.000000
1548369843.854670,14060.000000,15679.000000
1548369843.856223,15468.000000,20059.000000
1548369843.858801,17686.000000,21557.000000
1548369843.861010,16265.000000,20696.000000
1548369843.862242,20084.000000,25614.000000
1548369843.864218,18413.000000,22587.000000
1548369843.866769,16764.000000,20019.000000
1548369843.868694,15900.000000,16870.000000
1548369843.870697,15479.000000,16594.000000
1548369843.873080,19160.000000,23418.000000
1548369843.875437,19280.000000,24722.000000
1548369843.876926,21596.000000,27262.000000
1548369843.879004,24036.000000,30386.000000
1548369843.880805,20056.000000,25718.000000
1548369843.883607,19603.000000,23812.000000
1548369843.885912,16752.000000,21217.000000
1548369843.887524,18329.000000,23732.000000
1548369843.891415,19881.000000,26116.000000
1548369843.891907,18596.000000,22810.000000
1548369843.893707,16950.000000,19581.000000
1548369843.896369,17892.000000,21340.000000
1548369843.898407,20291.000000,24962.000000
1548369843.900578,20717.000000,25387.000000
1548369843.902969,18961.000000,24916.000000
1548369843.905448,18784.000000,24316.000000
1548369843.907252,16556.000000,19314.000000
1548369843.910645,10801.000000,12736.000000
1548369843.912219,18087.000000,21739.000000
1548369843.914868,18342.000000,22668.000000
1548369843.916091,19024.000000,23259.000000
1548369843.918355,13976.000000,15940.000000
1548369843.920039,18571.000000,23511.000000
1548369843.923335,20651.000000,26942.000000
1548369843.924735,20038.000000,25484.000000
1548369843.925912,18728.000000,22750.000000
1548369843.928021,19973.000000,24589.000000
1548369843.930051,23680.000000,31966.000000
1548369843.932148,21656.000000,28317.000000
1548369843.935001,6136.000000,8037.000000
1548369843.936514,17421.000000,21539.000000
1548369843.937928,16482.000000,21857.000000
1548369843.940409,21690.000000,26338.000000
1548369843.941827,19479.000000,23328.000000
1548369843.944188,18496.000000,23666.000000
1548369843.946533,18442.000000,22677.000000
1548369843.947276,18268.000000,24228.000000
1548369843.948967,21405.000000,28966.000000
1548369843.951862,18281.000000,22783.000000
1548369843.955084,21166.000000,27126.000000
1548369843.957959,16725.000000,19243.000000
1548369843.959732,20519.000000,25272.000000
1548369843.961617,19087.000000,24004.000000
1548369843.963847,17212.000000,21814.000000
1548369843.966409,18551.000000,21688.000000
1548369843.968263,19735.000000,24033.000000
1548369843.970162,22321.000000,27427.000000
1548369843.972219,18963.000000,24212.000000
1548369843.974860,18275.000000,21488.000000
1548369843.976002,21772.000000,30264.000000
1548369843.978030,16208.000000,19475.000000
1548369843.979903,16331.000000,19627.000000
1548369843.982900,20101.000000,26779.000000
1548369843.984112,19599.000000,26402.000000
1548369843.985932,20364.000000,26438.000000
1548369843.987413,18020.000000,22266.000000
1548369843.989655,15618.000000,19640.000000
1548369844.207466,20965.000000,26161.000000
1548369844.209966,17654.000000,22945.000000
1548369844.213735,13804.000000,15547.000000
1548369844.217451,17695.000000,22444.000000
1548369844.220806,21001.000000,26957.000000
1548369844.223322,21330.000000,26619.000000
1548369844.225091,21015.000000,56139.000000
1548369844.227851,22154.000000,28745.000000
1548369844.230706,16964.000000,21149.000000
1548369844.233909,18214.000000,22692.000000
1548369844.237641,20724.000000,26418.000000
1548369844.240639,20303.000000,26860.000000
1548369844.242682,19524.000000,23753.000000
1548369844.246273,19219.000000,26103.000000
1548369844.249077,18155.000000,20889.000000
1548369844.251873,22046.000000,27143.000000
1548369844.255775,16915.000000,19999.000000
1548369844.257495,19267.000000,25139.000000
1548369844.260441,19572.000000,23915.000000
1548369844.263918,17588.000000,19509.000000
1548369844.266623,19286.000000,25563.000000
1548369844.269644,16267.000000,19391.000000
1548369844.271699,17511.000000,21604.000000
1548369844.273978,21464.000000,25322.000000
1548369844.276463,14593.000000,15862.000000
1548369844.279114,16727.000000,20688.000000
1548369844.282639,17904.000000,20591.000000
1548369844.283232,10896.000000,13406.000000
1548369844.286519,5069.000000,8083.000000
1548369844.288706,20200.000000,25900.000000
1548369844.291309,21719.000000,26497.000000
1548369844.293607,20783.000000,27796.000000
1548369844.297901,19497.000000,24939.000000
1548369844.299589,20852.000000,28469.000000
1548369844.301875,20472.000000,25192.000000
1548369844.304018,21414.000000,28659.000000
1548369844.306746,11856.000000,16451.000000
1548369844.309075,20971.000000,26065.000000
1548369844.311430,19778.000000,25170.000000
1548369844.315285,15924.000000,19828.000000
1548369844.317204,19005.000000,24002.000000
1548369844.319787,19802.000000,26899.000000
1548369844.323058,19017.000000,25929.000000
1548369844.324465,18297.000000,22711.000000
1548369844.327722,21537.000000,26042.000000
1548369844.329308,19684.000000,25192.000000
1548369844.331579,16752.000000,20019.000000
1548369844.334440,19985.000000,23966.000000
1548369844.336809,19184.000000,23918.000000
1548369844.339367,19436.000000,22850.000000
1548369844.342427,24333.000000,33683.000000
1548369844.345608,11383.000000,15138.000000
1548369844.345917,18326.000000,23872.000000
1548369844.348859,16767.000000,18872.000000
1548369844.349969,14133.000000,16960.000000
1548369844.353132,15702.000000,19201.000000
1548369844.354236,22454.000000,31699.000000
1548369844.356483,19926.000000,25526.000000
1548369844.358513,21467.000000,27962.000000
1548369844.361031,20584.000000,26225.000000
1548369844.363003,23628.000000,31680.000000
1548369844.364996,19453.000000,25434.000000
1548369844.367366,21031.000000,27184.000000
1548369844.369205,19432.000000,25687.000000
1548369844.371214,14385.000000,15363.000000
1548369844.373314,16697.000000,20517.000000
1548369844.375445,17916.000000,22567.000000
1548369844.377126,19454.000000,25652.000000
1548369844.381406,21260.000000,25652.000000
1548369844.381469,23933.000000,31449.000000
1548369844.383189,17998.000000,21907.000000
1548369844.385696,17617.000000,21263.000000
1548369844.387500,14189.000000,17873.000000
1548369844.389061,18490.000000,21918.000000
1548369844.391272,18510.000000,24235.000000
1548369844.393703,21119.000000,27813.000000
1548369844.395295,19732.000000,23535.000000
1548369844.397785,16382.000000,19523.000000
1548369844.399618,18371.000000,23245.000000
1548369844.402027,18063.000000,22905.000000
1548369844.404490,19904.000000,24416.000000
1548369844.406880,17124.000000,21467.000000
1548369844.408791,17423.000000,22919.000000
1548369844.413091,19879.000000,24701.000000
1548369844.413779,21343.000000,27136.000000
1548369844.415611,11156.000000,42042.000000
1548369844.417419,9356.000000,15079.000000
1548369844.420711,19115.000000,24827.000000
1548369844.424178,21633.000000,28588.000000
1548369844.424948,18809.000000,22703.000000
1548369844.426260,21279.000000,25434.000000
1548369844.429548,22110.000000,27559.000000
1548369844.430815,17881.000000,24656.000000
1548369844.433316,16600.000000,17855.000000
1548369844.435444,17877.000000,21747.000000
1548369844.437911,18142.000000,22887.000000
1548369844.439857,19529.000000,24766.000000
1548369844.442369,17865.000000,21121.000000
1548369844.444816,18452.000000,23689.000000
1548369844.446935,18854.000000,24036.000000
1548369844.455168,21908.000000,29313.000000
1548369844.456773,16895.000000,21307.000000
1548369844.460032,17492.000000,20526.000000
1548369844.460520,11041.000000,12117.000000
1548369844.462590,15193.000000,16315.000000
1548369844.465115,18322.000000,23429.000000
1548369844.467046,16314.000000,19359.000000
1548369844.469059,22099.000000,26864.000000
1548369844.470895,14639.000000,16940.000000
1548369844.472348,22079.000000,27261.000000
1548369844.475496,16463.000000,19154.000000
1548369844.476688,17851.000000,19541.000000
1548369844.478206,18536.000000,22046.000000
1548369844.480458,21283.000000,27048.000000
1548369844.482279,20365.000000,24836.000000
1548369844.484212,17213.000000,21488.000000
1548369844.486677,16474.000000,19642.000000
1548369844.487917,20372.000000,25896.000000
1548369844.489839,21139.000000,27658.000000
1548369844.492228,21647.000000,26635.000000
1548369844.493771,18581.000000,23386.000000
1548369844.496141,18275.000000,22701.000000
1548369844.497907,18734.000000,21865.000000
1548369844.499634,14767.000000,17650.000000
1548369844.502687,17124.000000,21289.000000
1548369844.503417,12780.000000,16164.000000
1548369844.505667,16791.000000,19403.000000
1548369844.507823,20624.000000,28008.000000
1548369844.509109,21266.000000,26990.000000
1548369844.511160,16622.000000,19207.000000
1548369844.512857,19455.000000,25108.000000
1548369844.514767,16266.000000,19284.000000
1548369844.516622,16284.000000,19696.000000
1548369844.518699,16995.000000,20934.000000
1548369844.520328,19300.000000,23507.000000
1548369844.523634,11090.000000,11200.000000
1548369844.524008,17976.000000,22253.000000
1548369844.526543,20427.000000,26049.000000
1548369844.527618,12922.000000,16299.000000
1548369844.530146,19468.000000,23651.000000
1548369844.532059,22112.000000,29987.000000
1548369844.533797,16252.000000,20834.000000
1548369844.535183,22334.000000,30526.000000
1548369844.537664,15940.000000,21215.000000
1548369844.539552,20140.000000,25516.000000
1548369844.541037,18622.000000,22675.000000
1548369844.543724,19018.000000,23230.000000
1548369844.544901,21574.000000,27242.000000
1548369844.547487,22306.000000,28814.000000
1548369844.550307,18481.000000,23059.000000
1548369844.551017,22948.000000,30268.000000
1548369844.552841,18022.000000,21039.000000
1548369844.554983,15071.000000,19319.000000
1548369844.557205,18856.000000,22729.000000
1548369844.559086,20990.000000,28626.000000
1548369844.560777,23305.000000,30003.000000
1548369844.562476,21863.000000,27961.000000
1548369844.564892,21057.000000,27269.000000
1548369844.570781,14705.000000,16229.000000
1548369844.573159,21683.000000,27970.000000
1548369844.577240,17982.000000,21379.000000
1548369844.579416,17835.000000,20669.000000
1548369844.580239,16455.000000,20535.000000
1548369844.583082,17895.000000,21422.000000
1548369844.584667,17131.000000,21531.000000
1548369844.587374,16374.000000,21391.000000
1548369844.589475,16123.000000,16884.000000
1548369844.590273,21068.000000,27462.000000
1548369844.592669,19031.000000,23457.000000
1548369844.594655,21089.000000,26921.000000
1548369844.595943,17929.000000,23722.000000
1548369844.598388,18642.000000,22077.000000
1548369844.599696,15995.000000,18732.000000
1548369844.602478,17941.000000,21781.000000
1548369844.604543,18521.000000,21742.000000
1548369844.606616,19446.000000,24604.000000
1548369844.608069,17810.000000,23462.000000
1548369844.609523,18143.000000,22938.000000
1548369844.611457,18120.000000,22506.000000
1548369844.613801,4990.000000,7604.000000
1548369844.616762,20473.000000,25611.000000
1548369844.617048,20295.000000,24576.000000
1548369844.618988,16796.000000,20619.000000
1548369844.620768,21686.000000,29161.000000
1548369844.624794,20835.000000,27420.000000
1548369844.625402,17588.000000,20246.000000
1548369844.626479,16382.000000,19350.000000
1548369844.628567,22581.000000,28624.000000
1548369844.631707,16863.000000,19292.000000
1548369844.633074,19016.000000,25851.000000
1548369844.634051,17214.000000,21362.000000
1548369844.636751,18765.000000,23396.000000
1548369844.637756,21923.000000,30220.000000
1548369844.641093,17247.000000,21520.000000
1548369844.642256,10211.000000,16211.000000
1548369844.643540,8494.000000,14757.000000
1548369844.645486,16619.000000,18057.000000
1548369844.647236,21513.000000,26892.000000
1548369844.649809,20005.000000,25418.000000
1548369844.652238,15873.000000,17623.000000
1548369844.660090,16837.000000,21291.000000
1548369844.662251,22065.000000,28560.000000
1548369844.664395,18750.000000,23184.000000
1548369844.667029,20709.000000,25967.000000
1548369844.668744,10424.000000,11560.000000
1548369844.670630,18552.000000,24449.000000
1548369844.672828,14192.000000,16970.000000
1548369844.675178,18580.000000,23602.000000
1548369844.677122,16977.000000,20361.000000
1548369844.678968,19925.000000,26252.000000
1548369844.681761,21174.000000,27225.000000
1548369844.683246,16667.000000,19748.000000
1548369844.684771,14253.000000,18328.000000
1548369844.687111,19254.000000,24371.000000
1548369844.689298,14006.000000,16628.000000
1548369844.690156,20244.000000,25098.000000
1548369844.692606,12441.000000,14119.000000
1548369844.694418,16884.000000,19985.000000
1548369844.695948,21777.000000,28026.000000
1548369844.698578,20939.000000,28194.000000
1548369844.700643,21124.000000,26719.000000
1548369844.701887,20525.000000,24121.000000
1548369844.704209,22107.000000,28575.000000
1548369844.705530,19361.000000,26771.000000
1548369844.709551,20806.000000,25934.000000
1548369844.710054,21026.000000,24692.000000
1548369844.711311,18979.000000,23307.000000
1548369844.713707,17475.000000,22116.000000
1548369844.716331,19834.000000,25912.000000
1548369844.717710,18587.000000,23039.000000
1548369844.719090,19063.000000,22701.000000
1548369844.721440,19585.000000,25962.000000
1548369844.722717,13015.000000,15406.000000
1548369844.725328,21008.000000,26890.000000
1548369844.726735,21149.000000,27609.000000
1548369844.728961,19014.000000,25887.000000
1548369844.730996,17944.000000,22906.000000
1548369844.732873,19186.000000,23757.000000
1548369844.735421,10105.000000,13281.000000
1548369844.736641,20200.000000,25252.000000
1548369844.739821,18861.000000,21979.000000
1548369844.740827,16726.000000,20780.000000
1548369844.742440,21504.000000,27870.000000
1548369844.744757,20106.000000,26100.000000
1548369844.746910,9117.000000,14367.000000
1548369844.749516,19102.000000,24096.000000
1548369844.751465,18158.000000,23458.000000
1548369844.753133,18793.000000,23968.000000
1548369844.754094,23232.000000,29451.000000
1548369844.756557,18620.000000,23848.000000
1548369844.758951,16892.000000,19871.000000
1548369844.761031,17594.000000,22131.000000
1548369844.762833,13140.000000,13913.000000
1548369844.765331,19165.000000,25170.000000
1548369844.767381,14099.000000,16504.000000
1548369844.768909,20580.000000,26580.000000
1548369844.770934,22875.000000,29458.000000
1548369844.773560,16457.000000,20454.000000
1548369844.775856,20575.000000,27108.000000
1548369844.776763,19936.000000,25721.000000
1548369844.780121,20321.000000,26338.000000
1548369844.780480,18971.000000,23593.000000
1548369844.782581,21764.000000,28062.000000
1548369844.787000,11308.000000,11884.000000
1548369844.787150,20529.000000,25520.000000
1548369844.788703,17942.000000,22076.000000
1548369844.790693,19262.000000,23663.000000
1548369844.791970,21659.000000,27207.000000
1548369844.795523,14991.000000,20511.000000
1548369844.796817,20524.000000,26788.000000
1548369844.797825,21237.000000,26758.000000
1548369844.799803,21915.000000,28745.000000
1548369844.802456,16695.000000,20457.000000
1548369844.804193,20903.000000,26291.000000
1548369844.806018,16824.000000,20658.000000
1548369844.807682,18499.000000,23949.000000
1548369844.809478,18189.000000,21978.000000
1548369844.811585,21184.000000,28321.000000
1548369844.812836,19490.000000,26607.000000
1548369844.816151,18316.000000,24494.000000
1548369844.817178,17796.000000,21568.000000
1548369844.819251,20557.000000,27309.000000
1548369844.821411,18051.000000,20808.000000
1548369844.824713,17060.000000,21511.000000
1548369844.825545,23679.000000,31886.000000
1548369844.827213,21642.000000,26600.000000
1548369844.829854,19358.000000,24404.000000
1548369844.830280,19276.000000,23936.000000
1548369844.831718,19655.000000,23431.000000
1548369844.833934,22458.000000,29638.000000
1548369844.837681,16301.000000,20699.000000
1548369844.838452,15827.000000,19438.000000
1548369844.840406,22414.000000,29355.000000
1548369844.842189,21303.000000,26525.000000
1548369844.844003,15155.000000,18216.000000
1548369844.845144,16554.000000,20909.000000
1548369844.847558,19824.000000,26171.000000
1548369844.850244,20946.000000,28296.000000
1548369844.851884,22695.000000,29116.000000
1548369844.854242,22732.000000,31406.000000
1548369844.864087,17448.000000,22877.000000
1548369844.867237,15024.000000,18228.000000
1548369844.869388,21045.000000,27542.000000
1548369844.871304,16082.000000,20353.000000
1548369844.873533,18200.000000,20923.000000
1548369844.875381,17736.000000,20635.000000
1548369844.877329,22791.000000,28973.000000
1548369844.879488,21147.000000,27435.000000
1548369844.881768,22273.000000,29605.000000
1548369844.885444,18134.000000,20415.000000
1548369844.887158,4483.000000,7099.000000
1548369844.889038,20171.000000,25854.000000
1548369844.890725,18630.000000,23731.000000
1548369844.892863,17910.000000,23967.000000
1548369844.896103,21494.000000,29793.000000
1548369844.897421,18272.000000,23079.000000
1548369844.899400,19650.000000,23374.000000
1548369844.901748,17076.000000,20011.000000
1548369844.903991,16366.000000,19661.000000
1548369844.906428,19153.000000,25505.000000
1548369844.908338,16152.000000,20243.000000
1548369844.912522,19614.000000,23800.000000
1548369844.912770,13999.000000,15418.000000
1548369844.915532,18587.000000,23978.000000
1548369844.917199,16799.000000,20037.000000
1548369844.920259,18601.000000,21573.000000
1548369844.923501,18484.000000,21568.000000
1548369844.924345,18414.000000,23235.000000
1548369844.926277,20658.000000,26860.000000
1548369844.928731,14560.000000,17268.000000
1548369844.931333,18287.000000,22300.000000
1548369844.933204,19804.000000,24374.000000
1548369844.935849,19262.000000,25285.000000
1548369844.937560,19356.000000,24968.000000
1548369844.941455,18274.000000,23533.000000
1548369844.941797,19284.000000,24857.000000
1548369844.944161,18136.000000,23838.000000
1548369844.946142,19576.000000,25849.000000
1548369844.951407,21378.000000,27794.000000
1548369844.951471,17680.000000,23882.000000
1548369844.954120,19031.000000,23857.000000
1548369844.954901,19206.000000,23340.000000
1548369844.957137,18802.000000,23345.000000
1548369844.959548,14138.000000,17821.000000
1548369844.962137,19159.000000,24878.000000
1548369844.965418,16928.000000,49259.000000
1548369844.967847,20395.000000,27586.000000
1548369844.970390,18549.000000,21879.000000
1548369844.972044,20743.000000,24990.000000
1548369844.974259,17553.000000,22058.000000
1548369844.976568,22901.000000,30453.000000
1548369844.978676,18911.000000,22317.000000
1548369844.981130,18829.000000,24125.000000
1548369844.983427,20557.000000,26229.000000
1548369844.985896,18922.000000,24771.000000
1548369844.988301,19871.000000,23802.000000
1548369844.991095,21655.000000,27931.000000
1548369844.991975,19550.000000,25155.000000
1548369844.995979,21505.000000,26720.000000
1548369844.997321,20729.000000,26096.000000
1548369844.999985,18970.000000,23195.000000
1548369845.003222,19227.000000,24588.000000
1548369845.004034,17030.000000,20350.000000
1548369845.006349,20273.000000,26177.000000
1548369845.007473,16892.000000,20134.000000
1548369845.009422,17779.000000,21455.000000
1548369845.011705,20684.000000,26904.000000
1548369845.014650,21027.000000,27695.000000
1548369845.017779,20505.000000,25122.000000
1548369845.018482,22323.000000,30254.000000
1548369845.021353,18257.000000,20247.000000
1548369845.022910,20534.000000,26919.000000
1548369845.025203,15220.000000,18260.000000
1548369845.027541,18836.000000,23953.000000
1548369845.029534,16609.000000,19822.000000
1548369845.031854,19991.000000,24107.000000
1548369845.034826,21925.000000,29337.000000
1548369845.036779,16224.000000,20488.000000
1548369845.040414,17545.000000,23095.000000
1548369845.040859,9867.000000,14904.000000
1548369845.043146,18635.000000,22318.000000
1548369845.045304,16345.000000,18628.000000
1548369845.047425,19174.000000,24511.000000
1548369845.049918,19732.000000,24704.000000
1548369845.052319,22986.000000,28814.000000
1548369845.055799,21056.000000,27771.000000
1548369845.057488,18402.000000,23597.000000
1548369845.059824,19807.000000,25538.000000
1548369845.061759,18895.000000,23072.000000
1548369845.064116,17322.000000,20665.000000
1548369845.068331,19796.000000,25795.000000
1548369845.068798,19222.000000,24276.000000
1548369845.071378,19365.000000,22900.000000
1548369845.072864,18538.000000,21521.000000
1548369845.075186,24213.000000,32345.000000
1548369845.078293,19565.000000,24538.000000
1548369845.079908,17283.000000,21104.000000
1548369845.082551,19171.000000,23570.000000
1548369845.083999,21153.000000,27598.000000
1548369845.086507,19010.000000,23279.000000
1548369845.095457,19809.000000,25607.000000
1548369845.097914,18751.000000,23229.000000
1548369845.100654,19282.000000,23299.000000
1548369845.102785,23075.000000,30216.000000
1548369845.104196,18998.000000,26226.000000
1548369845.106320,18547.000000,24391.000000
1548369845.109090,15530.000000,19841.000000
1548369845.111068,14899.000000,17200.000000
1548369845.113869,17902.000000,21791.000000
1548369845.115267,15615.000000,20990.000000
1548369845.119383,22490.000000,29414.000000
1548369845.120636,20799.000000,26594.000000
1548369845.122873,19264.000000,24377.000000
1548369845.124887,16504.000000,20690.000000
1548369845.126404,21260.000000,28474.000000
1548369845.129700,20721.000000,26928.000000
1548369845.131425,18671.000000,22700.000000
1548369845.133858,4367.000000,6093.000000
1548369845.137200,17401.000000,23105.000000
1548369845.137697,20570.000000,26927.000000
1548369845.140057,17322.000000,22271.000000
1548369845.142725,21498.000000,28068.000000
1548369845.145123,19238.000000,24455.000000
1548369845.146903,22887.000000,29746.000000
1548369845.149056,19851.000000,24963.000000
1548369845.151547,19909.000000,27215.000000
1548369845.153218,21948.000000,27781.000000
1548369845.156303,8167.000000,8661.000000
1548369845.158594,21885.000000,26765.000000
1548369845.159847,19959.000000,26561.000000
1548369845.161427,17051.000000,19787.000000
1548369845.164153,20422.000000,25109.000000
1548369845.167155,18577.000000,22516.000000
1548369845.168431,15500.000000,18644.000000
1548369845.171066,22330.000000,30231.000000
1548369845.172015,18313.000000,22852.000000
1548369845.174542,19895.000000,24414.000000
1548369845.176678,22863.000000,29773.000000
1548369845.179017,18851.000000,22840.000000
1548369845.180671,21399.000000,25882.000000
1548369845.182871,17979.000000,22472.000000
1548369845.184608,16849.000000,21617.000000
1548369845.186821,17300.000000,21055.000000
1548369845.188701,20686.000000,25902.000000
1548369845.191374,20411.000000,54301.000000
1548369845.192960,21318.000000,28690.000000
1548369845.194445,16655.000000,21083.000000
1548369845.196165,19123.000000,24697.000000
1548369845.198775,20295.000000,25081.000000
1548369845.200501,15771.000000,26672.000000
1548369845.202539,16826.000000,20472.000000
1548369845.203843,18451.000000,21305.000000
1548369845.206061,21635.000000,28724.000000
1548369845.208181,21658.000000,29064.000000
1548369845.209569,17820.000000,21706.000000
1548369845.211365,20025.000000,24550.000000
1548369845.214510,15619.000000,18887.000000
1548369845.214981,23390.000000,30963.000000
1548369845.216877,20222.000000,26150.000000
1548369845.218967,17839.000000,23445.000000
1548369845.220655,18225.000000,21924.000000
1548369845.222758,15146.000000,18984.000000
1548369845.224544,20345.000000,26338.000000
1548369845.226304,17685.000000,22115.000000
1548369845.228195,18774.000000,21954.000000
1548369845.229902,19433.000000,24872.000000
1548369845.234010,16019.000000,20505.000000
1548369845.234239,20634.000000,26200.000000
1548369845.235708,21009.000000,26739.000000
1548369845.237492,21304.000000,28002.000000
1548369845.240520,19636.000000,24920.000000
1548369845.241395,20380.000000,26514.000000
1548369845.243940,21513.000000,28341.000000
1548369845.246924,16222.000000,21256.000000
1548369845.247795,20319.000000,24889.000000
1548369845.249469,19157.000000,25065.000000
1548369845.250691,20884.000000,27189.000000
1548369845.253951,13132.000000,14739.000000
1548369845.254858,19085.000000,25231.000000
1548369845.256476,18796.000000,23675.000000
1548369845.260054,19808.000000,25495.000000
1548369845.261309,18834.000000,23798.000000
1548369845.262709,17017.000000,20926.000000
1548369845.264969,20591.000000,27375.000000
1548369845.267494,21550.000000,28125.000000
1548369845.272035,21014.000000,25931.000000
1548369845.272458,15542.000000,19484.000000
1548369845.274469,17015.000000,19224.000000
1548369845.277265,18171.000000,22170.000000
1548369845.279867,9675.000000,17436.000000
1548369845.281549,20878.000000,27113.000000
1548369845.283370,21042.000000,26489.000000
1548369845.286376,18276.000000,40580.000000
1548369845.288241,18616.000000,24387.000000
1548369845.290181,16849.000000,18774.000000
1548369845.292608,15826.000000,20348.000000
1548369845.294422,19831.000000,25888.000000
1548369845.296557,18104.000000,23638.000000
1548369845.299147,18043.000000,24611.000000
1548369845.301253,18320.000000,24925.000000
1548369845.310408,16405.000000,21260.000000
1548369845.312516,18853.000000,23787.000000
1548369845.315108,17639.000000,22803.000000
1548369845.316951,17747.000000,22952.000000
1548369845.318803,20209.000000,26215.000000
1548369845.321269,20797.000000,26211.000000
1548369845.323861,21798.000000,30470.000000
1548369845.325794,18800.000000,22338.000000
1548369845.327909,17823.000000,21024.000000
1548369845.330243,14664.000000,17028.000000
1548369845.332114,20143.000000,25314.000000
1548369845.334429,18439.000000,22814.000000
1548369845.337152,18968.000000,23270.000000
1548369845.339621,19279.000000,23424.000000
1548369845.341157,18985.000000,24105.000000
1548369845.343008,14139.000000,18950.000000
1548369845.345288,20026.000000,23771.000000
1548369845.347230,19468.000000,22220.000000
1548369845.349446,19824.000000,25180.000000
1548369845.352141,17408.000000,21881.000000
1548369845.354378,19276.000000,23581.000000
1548369845.356194,18839.000000,24680.000000
1548369845.358255,17108.000000,23578.000000
1548369845.360826,17355.000000,20927.000000
1548369845.362993,18549.000000,22102.000000
1548369845.365354,17981.000000,24036.000000
1548369845.367562,16833.000000,21443.000000
1548369845.369980,18932.000000,24238.000000
1548369845.371762,19298.000000,22761.000000
1548369845.374026,18824.000000,25199.000000
1548369845.376321,13980.000000,16614.000000
1548369845.379959,19919.000000,25169.000000
1548369845.381542,21566.000000,27949.000000
1548369845.383297,22604.000000,29745.000000
1548369845.385457,21837.000000,27942.000000
1548369845.387465,21357.000000,29140.000000
1548369845.390952,20149.000000,25767.000000
1548369845.392380,19896.000000,24974.000000
1548369845.395161,19131.000000,25411.000000
1548369845.397372,19626.000000,25742.000000
1548369845.399019,22269.000000,29176.000000
1548369845.400427,15822.000000,19435.000000
1548369845.403920,22939.000000,30786.000000
1548369845.405492,19221.000000,25093.000000
1548369845.407135,22495.000000,29135.000000
1548369845.409369,21254.000000,27640.000000
1548369845.411656,12853.000000,17102.000000
1548369845.416348,20931.000000,26456.000000
1548369845.416561,21022.000000,27619.000000
1548369845.418452,15872.000000,19138.000000
1548369845.420478,16122.000000,19518.000000
1548369845.423063,18466.000000,22657.000000
1548369845.425921,20378.000000,25347.000000
1548369845.427299,19182.000000,23063.000000
1548369845.429614,18414.000000,22736.000000
1548369845.432092,22875.000000,29124.000000
1548369845.433984,19953.000000,26611.000000
1548369845.436753,22804.000000,30955.000000
1548369845.439447,13157.000000,16043.000000
1548369845.443449,17981.000000,22514.000000
1548369845.443771,16741.000000,21688.000000
1548369845.445373,20838.000000,27646.000000
1548369845.447958,21296.000000,29196.000000
1548369845.450517,16378.000000,20023.000000
1548369845.452486,12428.000000,13228.000000
1548369845.454699,17934.000000,23136.000000
1548369845.457239,19889.000000,24333.000000
1548369845.458962,20184.000000,25909.000000
1548369845.462475,18021.000000,23158.000000
1548369845.463435,19878.000000,24780.000000
1548369845.467139,19334.000000,24729.000000
1548369845.468533,18320.000000,23925.000000
1548369845.470011,15391.000000,19760.000000
1548369845.473440,20566.000000,24735.000000
1548369845.474999,12414.000000,13904.000000
1548369845.477072,7253.000000,10677.000000
1548369845.479253,17923.000000,22505.000000
1548369845.481671,13892.000000,15013.000000
1548369845.485893,19565.000000,23975.000000
1548369845.486084,17047.000000,19357.000000
1548369845.488574,21016.000000,27766.000000
1548369845.490580,20765.000000,26421.000000
1548369845.493347,16877.000000,21346.000000
1548369845.496290,18709.000000,23854.000000
1548369845.497619,20369.000000,26760.000000
1548369845.499860,20458.000000,27039.000000
1548369845.502875,16056.000000,20232.000000
1548369845.504567,17244.000000,21914.000000
1548369845.509441,17230.000000,21319.000000
1548369845.509596,18566.000000,25429.000000
1548369845.510915,20791.000000,26638.000000
1548369845.513456,18344.000000,23714.000000
1548369845.515782,15880.000000,20540.000000
1548369845.517718,18496.000000,20693.000000
1548369845.521063,21800.000000,28183.000000
1548369845.521794,15771.000000,19959.000000
1548369845.524564,18155.000000,21165.000000
1548369845.527065,12585.000000,15048.000000
1548369845.528624,18840.000000,25846.000000
1548369845.531541,16979.000000,21959.000000
1548369845.540700,19688.000000,23802.000000
1548369845.542095,19083.000000,23030.000000
1548369845.545514,17583.000000,21428.000000
1548369845.547163,19662.000000,23533.000000
1548369845.549121,17627.000000,23286.000000
1548369845.551543,19892.000000,25416.000000
1548369845.553661,17130.000000,19871.000000
1548369845.556310,20051.000000,24714.000000
1548369845.559993,19534.000000,24297.000000
1548369845.560815,19131.000000,23533.000000
1548369845.563123,18769.000000,23492.000000
1548369845.565426,18312.000000,22563.000000
1548369845.569899,21086.000000,27054.000000
1548369845.572629,20760.000000,26968.000000
1548369845.576849,20175.000000,25365.000000
1548369845.579110,19660.000000,25408.000000
1548369845.582183,19149.000000,23157.000000
1548369845.583509,19055.000000,22436.000000
1548369845.586931,19128.000000,23603.000000
1548369845.587212,19769.000000,25477.000000
1548369845.590637,16916.000000,20919.000000
1548369845.593146,15196.000000,17308.000000
1548369845.594956,18296.000000,22678.000000
1548369845.596991,16269.000000,19416.000000
1548369845.599756,19579.000000,24228.000000
1548369845.600941,19555.000000,49556.000000
1548369845.602989,20037.000000,25579.000000
1548369845.606522,16780.000000,21002.000000
1548369845.607321,22559.000000,29004.000000
1548369845.608809,20465.000000,26171.000000
1548369845.610642,20582.000000,26272.000000
1548369845.612316,18860.000000,22647.000000
1548369845.614954,9233.000000,15964.000000
1548369845.617230,17554.000000,21349.000000
1548369845.618810,18162.000000,23698.000000
1548369845.621224,19365.000000,26654.000000
1548369845.622782,20116.000000,26149.000000
1548369845.625375,22534.000000,30245.000000
1548369845.627306,14045.000000,17823.000000
1548369845.627951,17473.000000,21900.000000
1548369845.630148,22171.000000,28098.000000
1548369845.632297,20053.000000,23923.000000
1548369845.634253,17636.000000,22414.000000
1548369845.636197,19565.000000,25215.000000
1548369845.637689,14743.000000,17560.000000
1548369845.639728,17535.000000,20949.000000
1548369845.641935,21404.000000,27446.000000
1548369845.644080,18868.000000,22434.000000
1548369845.645380,21258.000000,28876.000000
1548369845.647503,20141.000000,26158.000000
1548369845.649554,19835.000000,25219.000000
1548369845.651849,19863.000000,24624.000000
1548369845.653341,20903.000000,27462.000000
1548369845.655620,17438.000000,22093.000000
1548369845.657802,15690.000000,19095.000000
1548369845.659232,14305.000000,15719.000000
1548369845.660802,23168.000000,29035.000000
1548369845.663543,21415.000000,28252.000000
1548369845.665032,14569.000000,16742.000000
1548369845.667646,22493.000000,30010.000000
1548369845.669623,18914.000000,22961.000000
1548369845.671985,18269.000000,24494.000000
1548369845.673514,18450.000000,23075.000000
1548369845.675596,15197.000000,17988.000000
1548369845.678001,21721.000000,28309.000000
1548369845.679559,20276.000000,25342.000000
1548369845.681334,14002.000000,18035.000000
1548369845.683711,16190.000000,19583.000000
1548369845.685632,19775.000000,25140.000000
1548369845.687216,17209.000000,20780.000000
1548369845.689577,21602.000000,27226.000000
1548369845.691026,13946.000000,15772.000000
1548369845.693757,21134.000000,26384.000000
1548369845.695986,18584.000000,24672.000000
1548369845.697955,20379.000000,26845.000000
1548369845.699681,20474.000000,25586.000000
1548369845.702024,21550.000000,28434.000000
1548369845.704040,20957.000000,29455.000000
1548369845.705709,37722.000000,49994.000000
1548369845.707282,17180.000000,20523.000000
1548369845.709435,17287.000000,20964.000000
1548369845.710966,17878.000000,21239.000000
1548369845.713565,15405.000000,17245.000000
1548369845.715006,18475.000000,23610.000000
1548369845.717106,22015.000000,28160.000000
1548369845.719162,19530.000000,24595.000000
1548369845.720973,17404.000000,22907.000000
1548369845.723171,19681.000000,25808.000000
1548369845.725168,22314.000000,26375.000000
1548369845.726380,17902.000000,20918.000000
1548369845.728608,20094.000000,26781.000000
1548369845.730247,20474.000000,25465.000000
1548369845.733034,17316.000000,20769.000000
1548369845.735034,20647.000000,26561.000000
1548369845.737150,21466.000000,27949.000000
1548369845.740486,15631.000000,20094.000000
1548369845.743445,19864.000000,24193.000000
1548369845.745151,21439.000000,26071.000000
1548369845.747226,18480.000000,24163.000000
1548369845.749747,20568.000000,27619.000000
1548369845.757848,17808.000000,21798.000000
1548369845.760667,19113.000000,23494.000000
1548369845.762150,6765.000000,10705.000000
1548369845.763621,14511.000000,18047.000000
1548369845.767122,17550.000000,21440.000000
1548369845.768276,12180.000000,13916.000000
1548369845.770939,21344.000000,25896.000000
1548369845.772862,16810.000000,19656.000000
1548369845.775260,18472.000000,25050.000000
1548369845.777857,20423.000000,25680.000000
1548369845.779792,14694.000000,15650.000000
1548369845.781632,16250.000000,20332.000000
1548369845.784193,19465.000000,24714.000000
1548369845.786298,15942.000000,18738.000000
1548369845.788782,18255.000000,47260.000000
1548369845.791012,16981.000000,20743.000000
1548369845.795259,17840.000000,21615.000000
1548369845.795345,20352.000000,26232.000000
1548369845.797455,18409.000000,24381.000000
1548369845.800977,15682.000000,20497.000000
1548369845.802774,19966.000000,25929.000000
1548369845.805138,19357.000000,24350.000000
1548369845.807039,18259.000000,21340.000000
1548369845.808706,17473.000000,21260.000000
1548369845.810633,17225.000000,20833.000000
1548369845.812875,21274.000000,28694.000000
1548369845.815948,18258.000000,25045.000000
1548369845.816268,19689.000000,26045.000000
1548369845.818440,17824.000000,23547.000000
1548369845.820495,21559.000000,27074.000000
1548369845.822272,14847.000000,16919.000000
1548369845.824831,20110.000000,25874.000000
1548369845.825821,17243.000000,20186.000000
1548369845.828419,19875.000000,25726.000000
1548369845.829830,20901.000000,26468.000000
1548369845.831755,18731.000000,24033.000000
1548369845.834519,20431.000000,26069.000000
1548369845.837499,19494.000000,25453.000000
1548369845.837714,11945.000000,14026.000000
1548369845.840339,21409.000000,26861.000000
1548369845.841765,13489.000000,15701.000000
1548369845.843237,20623.000000,26059.000000
1548369845.846349,17542.000000,20318.000000
1548369845.847948,22042.000000,30640.000000
1548369845.848894,21791.000000,28519.000000
1548369845.850954,18363.000000,22346.000000
1548369845.854167,21079.000000,26272.000000
1548369845.856174,19822.000000,24799.000000
1548369845.856688,22238.000000,28257.000000
1548369845.859160,13839.000000,17039.000000
1548369845.861530,17021.000000,21428.000000
1548369845.864743,15337.000000,18924.000000
1548369845.866627,21933.000000,29471.000000
1548369845.868566,17246.000000,20964.000000
1548369845.871029,18554.000000,22349.000000
1548369845.873947,21170.000000,28237.000000
1548369845.875405,10753.000000,12838.000000
1548369845.878438,19468.000000,24968.000000
1548369845.879945,8683.000000,14165.000000
1548369845.882145,23350.000000,31102.000000
1548369845.884726,17917.000000,21139.000000
1548369845.886460,18843.000000,22401.000000
1548369845.889061,14936.000000,19051.000000
1548369845.891080,22474.000000,29102.000000
1548369845.893165,18918.000000,22623.000000
1548369845.895606,20108.000000,25570.000000
1548369845.897655,23308.000000,30699.000000
1548369845.900690,15371.000000,17099.000000
1548369845.902023,18704.000000,23314.000000
1548369845.904792,16215.000000,19585.000000
1548369845.908996,15091.000000,18347.000000
1548369845.909721,20052.000000,25562.000000
1548369845.910983,22051.000000,27443.000000
1548369845.913976,22474.000000,28803.000000
1548369845.915711,20391.000000,27272.000000
1548369845.918339,20805.000000,26478.000000
1548369845.920822,19893.000000,25488.000000
1548369845.923194,18478.000000,23163.000000
1548369845.924086,21949.000000,28232.000000
1548369845.926399,17030.000000,21762.000000
1548369845.928255,18959.000000,23933.000000
1548369845.931264,19417.000000,48194.000000
1548369845.933065,16732.000000,19127.000000
1548369845.935154,21058.000000,27953.000000
1548369845.937460,19990.000000,24786.000000
1548369845.940346,18429.000000,22923.000000
1548369845.942274,20222.000000,24270.000000
1548369845.944750,10419.000000,12168.000000
1548369845.946811,12324.000000,16335.000000
1548369845.949077,20409.000000,26121.000000
1548369845.951658,16099.000000,19568.000000
1548369845.954476,18153.000000,23737.000000
1548369845.956163,17398.000000,19516.000000
1548369845.958522,21060.000000,26996.000000
1548369845.960280,22075.000000,28445.000000
1548369845.962948,16203.000000,20990.000000
1548369845.965571,18530.000000,24381.000000
1548369845.966576,17984.000000,22325.000000
1548369845.968127,19144.000000,24714.000000
1548369845.970433,22838.000000,29319.000000
1548369845.978510,20123.000000,25916.000000
1548369845.980230,20209.000000,25902.000000
1548369845.982385,18220.000000,24293.000000
1548369845.984353,18471.000000,22245.000000
1548369845.986230,21243.000000,27756.000000
1548369845.987832,21596.000000,27599.000000
1548369845.989619,22364.000000,28635.000000
1548369845.992180,21869.000000,29028.000000
1548369845.994130,23196.000000,30544.000000
1548369845.995489,13715.000000,16963.000000
1548369845.998693,18736.000000,23532.000000
1548369845.999147,9999.000000,12670.000000
1548369846.001453,18615.000000,22260.000000
1548369846.003645,7384.000000,30843.000000
1548369846.006195,20625.000000,27190.000000
1548369846.008104,20781.000000,28747.000000
1548369846.010464,20361.000000,25639.000000
1548369846.012271,20285.000000,25834.000000
1548369846.014217,19570.000000,24855.000000
1548369846.016197,18828.000000,24158.000000
1548369846.019236,17747.000000,23838.000000
1548369846.020053,19995.000000,24146.000000
1548369846.022152,21021.000000,26451.000000
1548369846.024672,20213.000000,25685.000000
1548369846.026412,17772.000000,23221.000000
1548369846.028242,19047.000000,23768.000000
1548369846.030282,18780.000000,22699.000000
1548369846.032437,17181.000000,19797.000000
1548369846.033627,17563.000000,22376.000000
1548369846.036095,19052.000000,24124.000000
1548369846.037732,20991.000000,27699.000000
1548369846.040804,16875.000000,18918.000000
1548369846.043171,17326.000000,19961.000000
1548369846.043537,19520.000000,25654.000000
1548369846.045794,17313.000000,20972.000000
1548369846.047360,19971.000000,23851.000000
1548369846.049176,13002.000000,16550.000000
1548369846.051128,19433.000000,24627.000000
1548369846.053169,19104.000000,23966.000000
1548369846.055544,20889.000000,54278.000000
1548369846.057020,19690.000000,24920.000000
1548369846.058907,11934.000000,15072.000000
1548369846.060997,18964.000000,22793.000000
1548369846.064161,22108.000000,29242.000000
1548369846.065093,19789.000000,24171.000000
1548369846.067430,20440.000000,25679.000000
1548369846.069142,18791.000000,24566.000000
1548369846.073052,20870.000000,26632.000000
1548369846.073142,22357.000000,28946.000000
1548369846.075467,19621.000000,25523.000000
1548369846.077617,20651.000000,51708.000000
1548369846.079446,18610.000000,23950.000000
1548369846.081970,20454.000000,26714.000000
1548369846.083555,17750.000000,23935.000000
1548369846.084877,19551.000000,26237.000000
1548369846.086827,17126.000000,22650.000000
1548369846.089408,16834.000000,19898.000000
1548369846.090727,19479.000000,25140.000000
1548369846.092647,15798.000000,19386.000000
1548369846.094424,15824.000000,20440.000000
1548369846.096718,17184.000000,20137.000000
1548369846.099248,18516.000000,23639.000000
1548369846.100444,19836.000000,26432.000000
1548369846.102312,21960.000000,29329.000000
1548369846.104864,17541.000000,21943.000000
1548369846.106359,19362.000000,23831.000000
1548369846.107899,18484.000000,24813.000000
1548369846.110890,16205.000000,18154.000000
1548369846.112928,18891.000000,23638.000000
1548369846.114497,16281.000000,18618.000000
1548369846.116699,21726.000000,28337.000000
1548369846.119010,17691.000000,21451.000000
1548369846.120311,16092.000000,20966.000000
1548369846.122924,17961.000000,22389.000000
1548369846.125515,19694.000000,24231.000000
1548369846.125998,18385.000000,23168.000000
1548369846.128557,16661.000000,19005.000000
1548369846.130794,18755.000000,23653.000000
1548369846.132818,22042.000000,29319.000000
1548369846.134201,17352.000000,21508.000000
1548369846.136044,19414.000000,26381.000000
1548369846.137640,22255.000000,28684.000000
1548369846.139365,18507.000000,24064.000000
1548369846.142561,18647.000000,23107.000000
1548369846.144189,22021.000000,28340.000000
1548369846.145120,20440.000000,25218.000000
1548369846.147940,19067.000000,23790.000000
1548369846.149297,19287.000000,25442.000000
1548369846.151883,16701.000000,19654.000000
1548369846.152857,21487.000000,27918.000000
1548369846.154823,20691.000000,25005.000000
1548369846.156609,17579.000000,22241.000000
1548369846.158621,20639.000000,25675.000000
1548369846.160734,17487.000000,22215.000000
1548369846.162140,18418.000000,23236.000000
1548369846.164357,20073.000000,25338.000000
1548369846.166653,18466.000000,23350.000000
1548369846.168539,19245.000000,22935.000000
1548369846.170379,14608.000000,17714.000000
1548369846.172913,18156.000000,24594.000000
1548369846.181227,21265.000000,26718.000000
1548369846.184417,19480.000000,26594.000000
1548369846.185792,17587.000000,20372.000000
1548369846.187861,14795.000000,18297.000000
1548369846.188912,22608.000000,28667.000000
1548369846.191012,20737.000000,25830.000000
1548369846.192683,15530.000000,20221.000000
1548369846.195249,21567.000000,26877.000000
1548369846.197378,18391.000000,22548.000000
1548369846.199690,13878.000000,15944.000000
1548369846.201210,19826.000000,25364.000000
1548369846.202663,20329.000000,26503.000000
1548369846.203797,16886.000000,21211.000000
1548369846.207032,18346.000000,22225.000000
1548369846.207803,21034.000000,26779.000000
1548369846.210981,19879.000000,25268.000000
1548369846.212820,18698.000000,24720.000000
1548369846.214632,20592.000000,27143.000000
1548369846.215786,20633.000000,26092.000000
1548369846.217630,21849.000000,28923.000000
1548369846.219411,18448.000000,23516.000000
1548369846.221976,20298.000000,25782.000000
1548369846.223823,20301.000000,26672.000000
1548369846.225912,18594.000000,24123.000000
1548369846.227706,19190.000000,24777.000000
1548369846.229925,18263.000000,24522.000000
1548369846.231051,16490.000000,19654.000000
1548369846.232907,17280.000000,21970.000000
1548369846.235071,17434.000000,21646.000000
1548369846.236822,22685.000000,28722.000000
1548369846.239126,19751.000000,25963.000000
1548369846.241291,20119.000000,24625.000000
1548369846.244042,19278.000000,23108.000000
1548369846.244341,14842.000000,17216.000000
1548369846.246631,20567.000000,25816.000000
1548369846.248908,17694.000000,21621.000000
1548369846.249935,19300.000000,25415.000000
1548369846.251942,14269.000000,17131.000000
1548369846.253496,18625.000000,23946.000000
1548369846.255670,17291.000000,19736.000000
1548369846.257295,19511.000000,24364.000000
1548369846.259181,16302.000000,20210.000000
1548369846.261122,13013.000000,15532.000000
1548369846.263441,22293.000000,30468.000000
1548369846.266158,20567.000000,27377.000000
1548369846.268026,21524.000000,27039.000000
1548369846.270084,19037.000000,23393.000000
1548369846.271931,20277.000000,26171.000000
1548369846.273999,19118.000000,23431.000000
1548369846.275829,16897.000000,20987.000000
1548369846.277679,19856.000000,23881.000000
1548369846.279292,17811.000000,20477.000000
1548369846.282653,20211.000000,25233.000000
1548369846.283469,19121.000000,22727.000000
1548369846.285183,23465.000000,30381.000000
1548369846.286908,19117.000000,25384.000000
1548369846.288773,18855.000000,22768.000000
1548369846.291253,22494.000000,28603.000000
1548369846.293366,18754.000000,22190.000000
1548369846.294887,15150.000000,19519.000000
1548369846.297395,19626.000000,25679.000000
1548369846.299404,19769.000000,25087.000000
1548369846.302590,18752.000000,23011.000000
1548369846.303482,16839.000000,20599.000000
1548369846.304672,18526.000000,22989.000000
1548369846.307111,7639.000000,12711.000000
1548369846.308554,10407.000000,15447.000000
1548369846.310157,20222.000000,23757.000000
1548369846.312272,16525.000000,19374.000000
1548369846.313600,14158.000000,17582.000000
1548369846.316405,17898.000000,22379.000000
1548369846.318160,17700.000000,23103.000000
1548369846.320934,17402.000000,21294.000000
1548369846.322491,19767.000000,25950.000000
1548369846.324951,19442.000000,25221.000000
1548369846.327243,20565.000000,27380.000000
1548369846.328809,14447.000000,16740.000000
1548369846.330424,16164.000000,19876.000000
1548369846.332502,20301.000000,25988.000000
1548369846.335462,17659.000000,23534.000000
1548369846.337208,20346.000000,48542.000000
1548369846.338516,22373.000000,29608.000000
1548369846.340693,18899.000000,24258.000000
1548369846.344379,19542.000000,23927.000000
1548369846.345345,21864.000000,29060.000000
1548369846.346946,10958.000000,13776.000000
1548369846.349350,15090.000000,17901.000000
1548369846.350948,16305.000000,19970.000000
1548369846.352357,17101.000000,21936.000000
1548369846.355855,16553.000000,19809.000000
1548369846.357611,20617.000000,27728.000000
1548369846.358553,21103.000000,26442.000000
1548369846.359833,18676.000000,24034.000000
1548369846.363440,5533.000000,8742.000000
1548369846.364510,21337.000000,28724.000000
1548369846.365991,20044.000000,26246.000000
1548369846.367851,20252.000000,26264.000000
1548369846.370274,22508.000000,28982.000000
1548369846.372026,21886.000000,28321.000000
1548369846.373911,17424.000000,21950.000000
1548369846.382118,22689.000000,30211.000000
1548369846.385837,17493.000000,20776.000000
1548369846.385957,13453.000000,22554.000000
1548369846.388126,16323.000000,21018.000000
1548369846.390009,17462.000000,21501.000000
1548369846.391911,14475.000000,18085.000000
1548369846.394506,20974.000000,24978.000000
1548369846.396821,21243.000000,27819.000000
1548369846.398668,21785.000000,27847.000000
1548369846.399638,19092.000000,25348.000000
1548369846.401761,15327.000000,16526.000000
1548369846.403373,18916.000000,22070.000000
1548369846.405585,15827.000000,21223.000000
1548369846.407061,14688.000000,16763.000000
1548369846.409604,21479.000000,25478.000000
1548369846.411364,18625.000000,24069.000000
1548369846.413548,17755.000000,22557.000000
1548369846.415590,17817.000000,21866.000000
1548369846.417269,21779.000000,27544.000000
1548369846.418561,23311.000000,29409.000000
1548369846.421728,16881.000000,20493.000000
1548369846.423215,20514.000000,25590.000000
1548369846.425926,18499.000000,22109.000000
1548369846.428271,16059.000000,21069.000000
1548369846.429767,18900.000000,23296.000000
1548369846.432574,21570.000000,29314.000000
1548369846.433773,20236.000000,25817.000000
1548369846.436126,19594.000000,25364.000000
1548369846.437481,21517.000000,28055.000000
1548369846.440779,12229.000000,13206.000000
1548369846.443126,19784.000000,25407.000000
1548369846.444600,22589.000000,29439.000000
1548369846.446852,17596.000000,22678.000000
1548369846.450041,18808.000000,23233.000000
1548369846.451162,17367.000000,21522.000000
1548369846.454683,22493.000000,28721.000000
1548369846.455467,20170.000000,24706.000000
1548369846.457514,19819.000000,25206.000000
1548369846.459484,21376.000000,27376.000000
1548369846.462135,16210.000000,18939.000000
1548369846.465121,19343.000000,25059.000000
1548369846.466983,18968.000000,23773.000000
1548369846.469437,15540.000000,19358.000000
1548369846.472424,18832.000000,21967.000000
1548369846.474835,16826.000000,19853.000000
1548369846.476184,17479.000000,21547.000000
1548369846.479015,19460.000000,24219.000000
1548369846.480616,19735.000000,24876.000000
1548369846.482221,17441.000000,22564.000000
1548369846.484471,18768.000000,22311.000000
1548369846.486221,12988.000000,14923.000000
1548369846.487290,16999.000000,21120.000000
1548369846.491409,19263.000000,24102.000000
1548369846.492517,19714.000000,24593.000000
1548369846.493771,13080.000000,15493.000000
1548369846.496089,19915.000000,26224.000000
1548369846.497387,19143.000000,25159.000000
1548369846.499142,19697.000000,25546.000000
1548369846.500877,17868.000000,19183.000000
1548369846.502911,19710.000000,25591.000000
1548369846.505364,17561.000000,23197.000000
1548369846.508188,18309.000000,22672.000000
1548369846.508304,16453.000000,20345.000000
1548369846.510679,15954.000000,16809.000000
1548369846.513581,17856.000000,22003.000000
1548369846.514208,22328.000000,30395.000000
1548369846.516438,19101.000000,21407.000000
1548369846.517988,16869.000000,21634.000000
1548369846.520943,18013.000000,23560.000000
1548369846.521744,15053.000000,18413.000000
1548369846.524005,16755.000000,20178.000000
1548369846.525701,16404.000000,19068.000000
1548369846.527666,20368.000000,25735.000000
1548369846.529307,18132.000000,22000.000000
1548369846.532561,19742.000000,23989.000000
1548369846.533978,20294.000000,27179.000000
1548369846.535472,18283.000000,21588.000000
1548369846.537186,17500.000000,21857.000000
1548369846.540390,20197.000000,25158.000000
1548369846.542116,7312.000000,11839.000000
1548369846.543772,19372.000000,25772.000000
1548369846.544763,21258.000000,28073.000000
1548369846.547924,18290.000000,21760.000000
1548369846.548843,20788.000000,27162.000000
1548369846.551119,14915.000000,17736.000000
1548369846.553774,13989.000000,15574.000000
1548369846.554822,13498.000000,15789.000000
1548369846.556575,22271.000000,28488.000000
1548369846.557966,14709.000000,16881.000000
1548369846.561072,14452.000000,16246.000000
1548369846.562407,21729.000000,27400.000000
1548369846.564396,19219.000000,24461.000000
1548369846.569236,14277.000000,16028.000000
1548369846.571966,17769.000000,22557.000000
1548369846.574320,16886.000000,19817.000000
1548369846.577616,20991.000000,25769.000000
1548369846.580929,20865.000000,25848.000000
1548369846.583062,18717.000000,22391.000000
1548369846.585154,19868.000000,24078.000000
1548369846.587178,19966.000000,25612.000000
1548369846.598639,15296.000000,17384.000000
1548369846.600638,18959.000000,23753.000000
1548369846.602145,19889.000000,26219.000000
1548369846.604536,12869.000000,15955.000000
1548369846.606318,21687.000000,28343.000000
1548369846.608462,20796.000000,25168.000000
1548369846.609517,19850.000000,24344.000000
1548369846.611646,18640.000000,20888.000000
1548369846.614450,14406.000000,16134.000000
1548369846.616950,18513.000000,24491.000000
1548369846.618210,18474.000000,23025.000000
1548369846.620297,20599.000000,26812.000000
1548369846.622774,19977.000000,26724.000000
1548369846.624765,15092.000000,18359.000000
1548369846.627148,20261.000000,24915.000000
1548369846.630022,12371.000000,13366.000000
1548369846.632083,20986.000000,27965.000000
1548369846.634873,22008.000000,29836.000000
1548369846.636155,18652.000000,25348.000000
1548369846.638662,15871.000000,19945.000000
1548369846.640594,18025.000000,21281.000000
1548369846.642252,17038.000000,19876.000000
1548369846.644521,18555.000000,21965.000000
1548369846.645978,20767.000000,26477.000000
1548369846.647824,19388.000000,26715.000000
1548369846.650214,20297.000000,25818.000000
1548369846.652923,18322.000000,22903.000000
1548369846.655603,40370.000000,51902.000000
1548369846.656448,20576.000000,25582.000000
1548369846.658105,17021.000000,21339.000000
1548369846.660036,19234.000000,25434.000000
1548369846.662729,17333.000000,19554.000000
1548369846.664395,13900.000000,17476.000000
1548369846.666062,22159.000000,30040.000000
1548369846.668453,19885.000000,23319.000000
1548369846.671000,20826.000000,27789.000000
1548369846.672528,18995.000000,23119.000000
1548369846.674366,22023.000000,28792.000000
1548369846.675964,18624.000000,23287.000000
1548369846.678998,21277.000000,26882.000000
1548369846.680389,15608.000000,18008.000000
1548369846.682318,19355.000000,25129.000000
1548369846.684459,376800.000000,630377.000000
1548369846.687162,11341.000000,13165.000000
1548369846.689216,19190.000000,24380.000000
1548369846.691036,12407.000000,15045.000000
1548369846.692816,20417.000000,25948.000000
1548369846.695631,19869.000000,24895.000000
1548369846.697168,19577.000000,24198.000000
1548369846.699325,19059.000000,23142.000000
1548369846.701984,21352.000000,29631.000000
1548369846.704257,18924.000000,22710.000000
1548369846.705064,19286.000000,24149.000000
1548369846.707472,17543.000000,21145.000000
1548369846.708632,19964.000000,23762.000000
1548369846.710727,19584.000000,25217.000000
1548369846.714260,18815.000000,22635.000000
1548369846.715120,19919.000000,26253.000000
1548369846.716505,20469.000000,26228.000000
1548369846.718981,21451.000000,28719.000000
1548369846.722034,20032.000000,24208.000000
1548369846.722210,20593.000000,26704.000000
1548369846.724101,16654.000000,21029.000000
1548369846.726299,19004.000000,24715.000000
1548369846.728206,21080.000000,28065.000000
1548369846.730345,21278.000000,27227.000000
1548369846.731979,18219.000000,23198.000000
1548369846.733590,18052.000000,19986.000000
1548369846.735624,20193.000000,24545.000000
1548369846.738976,19773.000000,24032.000000
1548369846.740644,19649.000000,24310.000000
1548369846.742001,20484.000000,26900.000000
1548369846.744342,18840.000000,23402.000000
1548369846.745906,21345.000000,27268.000000
1548369846.747593,14312.000000,16632.000000
1548369846.749889,18689.000000,24046.000000
1548369846.751411,18435.000000,22786.000000
1548369846.753170,16123.000000,18792.000000
1548369846.756234,18344.000000,24583.000000
1548369846.757733,20116.000000,26172.000000
1548369846.759472,18244.000000,21765.000000
1548369846.762370,18108.000000,22397.000000
1548369846.764502,18133.000000,23259.000000
1548369846.765353,17283.000000,21251.000000
1548369846.767497,17207.000000,20674.000000
1548369846.769496,11501.000000,19459.000000
1548369846.771622,18143.000000,23811.000000
1548369846.773164,18873.000000,23513.000000
1548369846.775344,20661.000000,26111.000000
1548369846.777812,20163.000000,25264.000000
1548369846.779313,19197.000000,27760.000000
1548369846.780906,17384.000000,20380.000000
1548369846.783530,18618.000000,23925.000000
1548369846.784938,14962.000000,18323.000000
1548369846.787133,19506.000000,24074.000000
1548369846.789985,17396.000000,21088.000000
1548369846.790893,17285.000000,19657.000000
1548369846.792947,21318.000000,27369.000000
1548369846.794606,19580.000000,25740.000000
1548369846.796941,17730.000000,21128.000000
1548369846.805233,18309.000000,22620.000000
1548369846.806577,18635.000000,22338.000000
1548369846.808941,19663.000000,24432.000000
1548369846.810689,20278.000000,25404.000000
1548369846.812689,17581.000000,21867.000000
1548369846.814642,19188.000000,23330.000000
1548369846.816834,19925.000000,25486.000000
1548369846.818206,22597.000000,29487.000000
1548369846.821046,15402.000000,18717.000000
1548369846.823072,17976.000000,22641.000000
1548369846.824069,17955.000000,20532.000000
1548369846.827245,22657.000000,31518.000000
1548369846.827876,22430.000000,28707.000000
1548369846.830915,21361.000000,27200.000000
1548369846.831791,18894.000000,24770.000000
1548369846.833798,17337.000000,23386.000000
1548369846.836058,18386.000000,23092.000000
1548369846.837845,14320.000000,17978.000000
1548369846.843789,16699.000000,18597.000000
1548369846.844437,19209.000000,24521.000000
1548369846.847467,20096.000000,25573.000000
1548369846.849239,16858.000000,20092.000000
1548369846.851153,21200.000000,27860.000000
1548369846.853458,23347.000000,31128.000000
1548369846.856719,20538.000000,27004.000000
1548369846.857794,22457.000000,29619.000000
1548369846.862088,9446.000000,9473.000000
1548369846.864118,12927.000000,14551.000000
1548369846.864375,20824.000000,27796.000000
1548369846.867166,19956.000000,25347.000000
1548369846.869050,19338.000000,24290.000000
1548369846.871433,22095.000000,27948.000000
1548369846.873608,19598.000000,25192.000000
1548369846.876427,18586.000000,22982.000000
1548369846.878420,19940.000000,47360.000000
1548369846.880630,18107.000000,21698.000000
1548369846.882183,17722.000000,23016.000000
1548369846.884591,21488.000000,27675.000000
1548369846.886127,15564.000000,18275.000000
1548369846.888105,17547.000000,21168.000000
1548369846.891793,15830.000000,18686.000000
1548369846.893059,16816.000000,21425.000000
1548369846.894559,14692.000000,19025.000000
1548369846.896741,19243.000000,22679.000000
1548369846.900141,17046.000000,21771.000000
1548369846.901836,20139.000000,25762.000000
1548369846.904222,17610.000000,21000.000000
1548369846.906423,16707.000000,21655.000000
1548369846.907673,22591.000000,29123.000000
1548369846.910380,20935.000000,28034.000000
1548369846.914116,20903.000000,26284.000000
1548369846.914422,18274.000000,22361.000000
1548369846.916209,18906.000000,24532.000000
1548369846.918275,17256.000000,20358.000000
1548369846.919438,17883.000000,21690.000000
1548369846.922094,18084.000000,22500.000000
1548369846.923510,19011.000000,21922.000000
1548369846.925396,16363.000000,20572.000000
1548369846.927290,20547.000000,26257.000000
1548369846.929342,5131.000000,4874.000000
1548369846.931920,16784.000000,22259.000000
1548369846.933617,20274.000000,25820.000000
1548369846.934973,20865.000000,26140.000000
1548369846.937029,13492.000000,17424.000000
1548369846.939413,19370.000000,22583.000000
1548369846.940828,21625.000000,27877.000000
1548369846.943062,20936.000000,25579.000000
1548369846.945605,21492.000000,27299.000000
1548369846.947251,16166.000000,18503.000000
1548369846.949533,20808.000000,25484.000000
1548369846.951279,19243.000000,22671.000000
1548369846.953601,21365.000000,27155.000000
1548369846.955707,17077.000000,21525.000000
1548369846.957267,23644.000000,31393.000000
1548369846.959419,19330.000000,24919.000000
1548369846.960734,19039.000000,25975.000000
1548369846.962867,18532.000000,23455.000000
1548369846.965531,22751.000000,28443.000000
1548369846.967296,16832.000000,19487.000000
1548369846.969215,17225.000000,20871.000000
1548369846.972354,21786.000000,27685.000000
1548369846.972981,19772.000000,25151.000000
1548369846.975192,21317.000000,27938.000000
1548369846.976647,17174.000000,21195.000000
1548369846.978592,17697.000000,20629.000000
1548369846.981588,19079.000000,23949.000000
1548369846.982949,16267.000000,19376.000000
1548369846.985007,22345.000000,27136.000000
1548369846.987832,21875.000000,28908.000000
1548369846.989963,18450.000000,22805.000000
1548369846.991310,19778.000000,23566.000000
1548369846.993529,14277.000000,17934.000000
1548369846.995423,16576.000000,19548.000000
1548369846.997307,18942.000000,23894.000000
1548369846.998817,11606.000000,14547.000000
1548369847.000997,16956.000000,20906.000000
1548369847.003726,20254.000000,24969.000000
1548369847.004341,21496.000000,27476.000000
1548369847.006681,18289.000000,21832.000000
1548369847.008430,17701.000000,22483.000000
1548369847.016520,21506.000000,22472.000000
1548369847.018278,10630.000000,11898.000000
1548369847.020684,17925.000000,21814.000000
1548369847.022344,17552.000000,19362.000000
1548369847.024017,19271.000000,25505.000000
1548369847.026217,21060.000000,27544.000000
1548369847.027816,20594.000000,26502.000000
1548369847.029887,18843.000000,24571.000000
1548369847.032070,19759.000000,24744.000000
1548369847.033410,20738.000000,26590.000000
1548369847.035700,16912.000000,19173.000000
1548369847.037269,17605.000000,21637.000000
1548369847.041861,13098.000000,15910.000000
1548369847.042022,15047.000000,16847.000000
1548369847.043755,20767.000000,56397.000000
1548369847.045232,19179.000000,24664.000000
1548369847.048000,20107.000000,24791.000000
1548369847.049613,12346.000000,14724.000000
1548369847.051729,7558.000000,13746.000000
1548369847.054313,21069.000000,27820.000000
1548369847.056029,19729.000000,24994.000000
1548369847.059504,19905.000000,27019.000000
1548369847.061094,14789.000000,17188.000000
1548369847.064782,22901.000000,30327.000000
1548369847.065243,7439.000000,10240.000000
1548369847.067708,19068.000000,24688.000000
1548369847.069967,21655.000000,30036.000000
1548369847.072397,18375.000000,22990.000000
1548369847.074930,20334.000000,24895.000000
1548369847.076861,20662.000000,25594.000000
1548369847.079134,20550.000000,26315.000000
1548369847.083145,19252.000000,23199.000000
1548369847.083623,21257.000000,26190.000000
1548369847.085768,19233.000000,24746.000000
1548369847.088239,18601.000000,25432.000000
1548369847.090021,17618.000000,21540.000000
1548369847.092056,17890.000000,22915.000000
1548369847.094773,20258.000000,27004.000000
1548369847.096912,20877.000000,26719.000000
1548369847.100140,20375.000000,26013.000000
1548369847.101273,7841.000000,7617.000000
1548369847.103285,21428.000000,25976.000000
1548369847.107089,18931.000000,24868.000000
1548369847.110148,19527.000000,24570.000000
1548369847.110186,17857.000000,23065.000000
1548369847.113624,19609.000000,25190.000000
1548369847.114812,13825.000000,17586.000000
1548369847.117113,19580.000000,24106.000000
1548369847.120028,22498.000000,30144.000000
1548369847.121218,18557.000000,22919.000000
1548369847.123961,17240.000000,20849.000000
1548369847.126672,14459.000000,18818.000000
1548369847.131008,20684.000000,27138.000000
1548369847.131033,17809.000000,23057.000000
1548369847.135506,18724.000000,23573.000000
1548369847.135593,21194.000000,26450.000000
1548369847.137676,19326.000000,25478.000000
1548369847.139558,19231.000000,25324.000000
1548369847.141732,17857.000000,22032.000000
1548369847.145421,22694.000000,30903.000000
1548369847.146446,14287.000000,17337.000000
1548369847.149201,19911.000000,25616.000000
1548369847.151067,19457.000000,24829.000000
1548369847.153437,18203.000000,23291.000000
1548369847.155650,14566.000000,16521.000000
1548369847.160100,17725.000000,22155.000000
1548369847.160812,20267.000000,26013.000000
1548369847.162507,17127.000000,20987.000000
1548369847.164661,19456.000000,25511.000000
1548369847.167252,3975.000000,22943.000000
1548369847.170457,21373.000000,26908.000000
1548369847.174254,17156.000000,20301.000000
1548369847.174678,27788.000000,54114.000000
1548369847.176400,18583.000000,22410.000000
1548369847.178460,21545.000000,26951.000000
1548369847.181083,21766.000000,27229.000000
1548369847.183067,22073.000000,26646.000000
1548369847.184779,21344.000000,26975.000000
1548369847.187373,20503.000000,27919.000000
1548369847.190355,18743.000000,24050.000000
1548369847.193585,20319.000000,24929.000000
1548369847.194012,17925.000000,20365.000000
1548369847.196228,17427.000000,20572.000000
1548369847.198485,14562.000000,17548.000000
1548369847.200973,20061.000000,23609.000000
1548369847.203055,21011.000000,26803.000000
1548369847.205434,17080.000000,21684.000000
1548369847.207424,17862.000000,20804.000000
1548369847.210205,19435.000000,25628.000000
